precision,recall
0.0471976401179941,1.0
0.0472115668338743,1.0
0.047225501770956316,1.0
0.047239444936522,1.0
0.04725339633786178,1.0
0.047267355982274745,1.0
0.04728132387706856,1.0
0.04729530002955956,1.0
0.04730928444707274,1.0
0.04732327713694173,1.0
0.047337278106508875,1.0
0.04735128736312518,1.0
0.047365304914150384,1.0
0.047379330766952915,1.0
0.04739336492890995,1.0
0.047407407407407405,1.0
0.04742145820983995,1.0
0.04743551734361103,1.0
0.04744958481613286,1.0
0.04746366063482646,1.0
0.04747774480712166,1.0
0.04749183734045711,1.0
0.047505938242280284,1.0
0.04752004752004752,1.0
0.047534165181224004,1.0
0.0475482912332838,1.0
0.04756242568370987,1.0
0.047576568539994056,1.0
0.04759071980963712,1.0
0.047604879500148765,1.0
0.047619047619047616,1.0
0.04763322417386127,1.0
0.047647409172126266,1.0
0.04766160262138815,1.0
0.04767580452920143,1.0
0.04769001490312966,1.0
0.04770423375074538,1.0
0.04771846107963018,1.0
0.0477326968973747,1.0
0.04774694121157863,1.0
0.04776119402985075,1.0
0.0477754553598089,1.0
0.04778972520908005,1.0
0.04780400358530027,1.0
0.04781829049611477,1.0
0.04783258594917788,1.0
0.04784688995215311,1.0
0.047861202512713134,1.0
0.047875523638539794,1.0
0.04788985333732416,1.0
0.04790419161676647,1.0
0.04791853848457622,1.0
0.04793289394847214,1.0
0.0479472580161822,1.0
0.047961630695443645,1.0
0.047976011994003,1.0
0.04799040191961608,1.0
0.048004800480048,1.0
0.04801920768307323,1.0
0.048033623536475535,1.0
0.04804804804804805,1.0
0.04806248122559327,1.0
0.04807692307692308,1.0
0.04809137360985873,1.0
0.04810583283223091,1.0
0.0481203007518797,1.0
0.048134777376654635,1.0
0.048149262714414685,1.0
0.048163756773028296,1.0
0.04817825956037338,1.0
0.04819277108433735,1.0
0.048207291352817115,1.0
0.04822182037371911,1.0
0.0482363581549593,1.0
0.04825090470446321,1.0
0.048265460030165915,1.0
0.04828002414001207,1.0
0.04829459704195593,1.0
0.04830917874396135,1.0
0.048323769254001815,1.0
0.04833836858006042,1.0
0.04835297673012995,1.0
0.04836759371221282,1.0
0.04838221953432114,1.0
0.04839685420447671,1.0
0.048411497730711045,1.0
0.048426150121065374,1.0
0.04844081138359067,1.0
0.04845548152634767,1.0
0.04847016055740685,1.0
0.048484848484848485,1.0
0.048499545316762656,1.0
0.04851425106124924,1.0
0.048528965726417954,1.0
0.04854368932038835,1.0
0.048558421851289835,1.0
0.048573163327261686,1.0
0.048587913756453084,1.0
0.04860267314702309,1.0
0.04861744150714069,1.0
0.0486322188449848,1.0
0.048647005168744296,1.0
0.04866180048661801,1.0
0.048676604806814724,1.0
0.048691418137553254,1.0
0.0487062404870624,1.0
0.048721071863580996,1.0
0.0487359122753579,1.0
0.04875076173065204,1.0
0.0487656202377324,1.0
0.04878048780487805,1.0
0.048795364440378165,1.0
0.048810250152532035,1.0
0.04882514494964907,1.0
0.04884004884004884,1.0
0.04885496183206107,1.0
0.04886988393402566,1.0
0.048884815154292695,1.0
0.0488997555012225,1.0
0.04891470498318557,1.0
0.04892966360856269,1.0
0.048944631385744876,1.0
0.04895960832313342,1.0
0.04897459442913989,1.0
0.04898958971218616,1.0
0.04900459418070444,1.0
0.049019607843137254,1.0
0.04903463070793748,1.0
0.049049662783568364,1.0
0.049064704078503524,1.0
0.049079754601226995,1.0
0.0490948143602332,1.0
0.04910988336402701,1.0
0.04912496162112373,1.0
0.04914004914004914,1.0
0.04915514592933948,1.0
0.049170251997541485,1.0
0.04918536735321242,1.0
0.04920049200492005,1.0
0.049215625961242696,1.0
0.04923076923076923,1.0
0.04924592182209911,1.0
0.04926108374384237,1.0
0.04927625500461965,1.0
0.04929143561306223,1.0
0.04930662557781202,1.0
0.04932182490752158,1.0
0.04933703361085415,1.0
0.049352251696483655,1.0
0.049367479173094725,1.0
0.04938271604938271,1.0
0.04939796233405372,1.0
0.04941321803582458,1.0
0.04942848316342292,1.0
0.049443757725587144,1.0
0.04945904173106646,1.0
0.049474335188620905,1.0
0.049489638107021346,1.0
0.04950495049504951,1.0
0.04952027236149799,1.0
0.04953560371517028,1.0
0.04955094456488077,1.0
0.04956629491945477,1.0
0.04958165478772854,1.0
0.04959702417854929,1.0
0.04961240310077519,1.0
0.04962779156327544,1.0
0.04964318957493019,1.0
0.04965859714463067,1.0
0.04967401428127911,1.0
0.049689440993788817,1.0
0.049704877291084186,1.0
0.049720323182100686,1.0
0.049735778675784895,1.0
0.04975124378109453,1.0
0.049766718506998445,1.0
0.049782202862476664,1.0
0.049797696856520385,1.0
0.049813200498132,1.0
0.049828713796325134,1.0
0.04984423676012461,1.0
0.04985976939856653,1.0
0.04987531172069826,1.0
0.049890863735578425,1.0
0.049906425452276984,1.0
0.0499219968798752,1.0
0.049937578027465665,1.0
0.049953168904152356,1.0
0.04996876951905059,1.0
0.0499843798812871,1.0
0.05,1.0
0.05001562988433886,1.0
0.050031269543464665,1.0
0.05004691898654989,1.0
0.05006257822277847,1.0
0.050078247261345854,1.0
0.050093926111458985,1.0
0.05010961478233636,1.0
0.05012531328320802,1.0
0.050141021623315574,1.0
0.050156739811912224,1.0
0.05017246785826278,1.0
0.050188205771643665,1.0
0.050203953561342954,1.0
0.050219711236660386,1.0
0.05023547880690738,1.0
0.05025125628140704,1.0
0.05026704366949419,1.0
0.0502828409805154,1.0
0.050298648223828984,1.0
0.050314465408805034,1.0
0.05033029254482542,1.0
0.05034612964128383,1.0
0.05036197670758577,1.0
0.05037783375314862,1.0
0.050393700787401574,1.0
0.05040957781978576,1.0
0.050425464859754174,1.0
0.05044136191677175,1.0
0.05045726900031536,1.0
0.050473186119873815,1.0
0.050489113284947935,1.0
0.050505050505050504,1.0
0.05052099778970635,1.0
0.05053695514845231,1.0
0.05055292259083728,1.0
0.05056890012642225,1.0
0.05058488776478027,1.0
0.05060088551549652,1.0
0.0506168933881683,1.0
0.05063291139240506,1.0
0.050648939537828425,1.0
0.0506649778340722,1.0
0.05068102629078239,1.0
0.050697084917617236,1.0
0.05071315372424723,1.0
0.05072923272035511,1.0
0.0507453219156359,1.0
0.050761421319796954,1.0
0.050777530942557915,1.0
0.050793650793650794,1.0
0.05080978088281994,1.0
0.05082592121982211,1.0
0.05084207181442644,1.0
0.0508582326764145,1.0
0.05087440381558029,1.0
0.05089058524173028,1.0
0.050906776964683424,1.0
0.050922978994271166,1.0
0.050939191340337475,1.0
0.050955414012738856,1.0
0.05097164702134438,1.0
0.05098789037603569,1.0
0.051004144086707046,1.0
0.05102040816326531,1.0
0.051036682615629984,1.0
0.05105296745373325,1.0
0.05106926268751995,1.0
0.05108556832694764,1.0
0.05110188438198659,1.0
0.051118210862619806,1.0
0.05113454777884308,1.0
0.05115089514066496,1.0
0.05116725295810681,1.0
0.05118362124120281,1.0
0.0512,1.0
0.05121638924455826,1.0
0.051232788984950366,1.0
0.05124919923126201,1.0
0.0512656199935918,1.0
0.05128205128205128,1.0
0.051298493106764986,1.0
0.05131494547787043,1.0
0.05133140840551813,1.0
0.051347881899871634,1.0
0.051364365971107544,1.0
0.05138086062941554,1.0
0.051397365884998394,1.0
0.05141388174807198,1.0
0.05143040822886532,1.0
0.05144694533762058,1.0
0.051463493084593116,1.0
0.05148005148005148,1.0
0.051496620534277435,1.0
0.051513200257566,1.0
0.05152979066022544,1.0
0.05154639175257732,1.0
0.05156300354495649,1.0
0.05157962604771115,1.0
0.051596259271202836,1.0
0.05161290322580645,1.0
0.05162955792191029,1.0
0.051646223369916075,1.0
0.05166289958023894,1.0
0.05167958656330749,1.0
0.051696284329563816,1.0
0.051712992889463474,1.0
0.05172971225347559,1.0
0.0517464424320828,1.0
0.0517631834357813,1.0
0.05177993527508091,1.0
0.05179669796050502,1.0
0.05181347150259067,1.0
0.05183025591188856,1.0
0.05184705119896306,1.0
0.05186385737439222,1.0
0.05188067444876784,1.0
0.051897502432695426,1.0
0.05191434133679429,1.0
0.0519311911716975,1.0
0.05194805194805195,1.0
0.05196492367651835,1.0
0.05198180636777128,1.0
0.051998700032499186,1.0
0.05201560468140442,1.0
0.05203252032520325,1.0
0.05204944697462589,1.0
0.05206638464041653,1.0
0.052083333333333336,1.0
0.052100293064148484,1.0
0.05211726384364821,1.0
0.05213424568263278,1.0
0.05215123859191656,1.0
0.05216824258232801,1.0
0.05218525766470972,1.0
0.052202283849918436,1.0
0.05221932114882506,1.0
0.05223636957231472,1.0
0.05225342913128674,1.0
0.05227049983665469,1.0
0.05228758169934641,1.0
0.05230467473030402,1.0
0.052321778940483975,1.0
0.05233889434085705,1.0
0.05235602094240838,1.0
0.05237315875613748,1.0
0.05239030779305828,1.0
0.05240746806419915,1.0
0.05242463958060288,1.0
0.05244182235332678,1.0
0.05245901639344262,1.0
0.05247622171203673,1.0
0.05249343832020997,1.0
0.05251066622907778,1.0
0.05252790544977019,1.0
0.052545155993431854,1.0
0.052562417871222074,1.0
0.05257969109431482,1.0
0.05259697567389875,1.0
0.052614271621177246,1.0
0.05263157894736842,1.0
0.05264889766370517,1.0
0.052666227781435156,1.0
0.052683569311820874,1.0
0.052700922266139656,1.0
0.05271828665568369,1.0
0.05273566249176005,1.0
0.05275304978569074,1.0
0.052770448548812667,1.0
0.05278785879247773,1.0
0.052805280528052806,1.0
0.05282271376691978,1.0
0.052840158520475564,1.0
0.052857614800132145,1.0
0.05287508261731659,1.0
0.05289256198347107,1.0
0.05291005291005291,1.0
0.05292755540853457,1.0
0.05294506949040371,1.0
0.052962595167163194,1.0
0.052980132450331126,1.0
0.052997681351440874,1.0
0.053015241882041084,1.0
0.053032814053695726,1.0
0.05305039787798409,1.0
0.05306799336650083,1.0
0.05308560053085601,1.0
0.05310321938267507,1.0
0.05312084993359894,1.0
0.05313849219528396,1.0
0.053156146179401995,1.0
0.053173811897640415,1.0
0.05319148936170213,1.0
0.05320917858330562,1.0
0.05322687957418496,1.0
0.05324459234608985,1.0
0.05326231691078562,1.0
0.05328005328005328,1.0
0.05329780146568954,1.0
0.053315561479506834,1.0
0.05333333333333334,1.0
0.053351117039013005,1.0
0.0533689126084056,1.0
0.05338672005338672,1.0
0.0534045393858478,1.0
0.05342237061769616,1.0
0.053440213760855046,1.0
0.053458068827263616,1.0
0.053475935828877004,1.0
0.053493814777666335,1.0
0.05351170568561873,1.0
0.05352960856473737,1.0
0.0535475234270415,1.0
0.053565450284566454,1.0
0.0535833891493637,1.0
0.05360134003350084,1.0
0.05361930294906166,1.0
0.05363727790814616,1.0
0.05365526492287056,1.0
0.05367326400536732,1.0
0.053691275167785234,1.0
0.05370929842228936,1.0
0.053727333781061114,1.0
0.05374538125629829,1.0
0.053763440860215055,1.0
0.05378151260504202,1.0
0.05379959650302623,1.0
0.053817692566431215,1.0
0.05383580080753701,1.0
0.05385392123864019,1.0
0.05387205387205387,1.0
0.05389019872010778,1.0
0.05390835579514825,1.0
0.053926525109538256,1.0
0.05394470667565745,1.0
0.05396290050590219,1.0
0.05398110661268556,1.0
0.0539993250084374,1.0
0.05401755570560432,1.0
0.05403579871664978,1.0
0.05405405405405406,1.0
0.054072321730314295,1.0
0.054090601757944556,1.0
0.05410889414947582,1.0
0.05412719891745602,1.0
0.05414551607445008,1.0
0.05416384563303995,1.0
0.054182187605824585,1.0
0.05420054200542006,1.0
0.054218908844459505,1.0
0.05423728813559322,1.0
0.05425567989148864,1.0
0.054274084124830396,1.0
0.054292500848320324,1.0
0.05431093007467753,1.0
0.05432937181663837,1.0
0.05434782608695652,1.0
0.05436629289840299,1.0
0.054384772263766146,1.0
0.05440326419585175,1.0
0.05442176870748299,1.0
0.05444028581150051,1.0
0.05445881552076242,1.0
0.054477357848144364,1.0
0.05449591280653951,1.0
0.054514480408858604,1.0
0.054533060668029994,1.0
0.05455165359699966,1.0
0.054570259208731244,1.0
0.05458887751620607,1.0
0.05460750853242321,1.0
0.05462615227039946,1.0
0.0546448087431694,1.0
0.05466347796378545,1.0
0.05468215994531784,1.0
0.0547008547008547,1.0
0.05471956224350205,1.0
0.05473828258638385,1.0
0.05475701574264202,1.0
0.054775761725436495,1.0
0.0547945205479452,1.0
0.05481329222336417,1.0
0.05483207676490747,1.0
0.054850874185807336,1.0
0.05486968449931413,1.0
0.0548885077186964,1.0
0.05490734385724091,1.0
0.05492619292825266,1.0
0.054945054945054944,1.0
0.05496392992098935,1.0
0.054982817869415807,1.0
0.055001718803712615,1.0
0.055020632737276476,1.0
0.05503955968352253,1.0
0.05505849965588438,1.0
0.055077452667814115,1.0
0.05509641873278237,1.0
0.05511539786427833,1.0
0.05513439007580979,1.0
0.055153395380903136,1.0
0.05517241379310345,1.0
0.055191445325974475,1.0
0.05521048999309869,1.0
0.055229547808077324,1.0
0.055248618784530384,1.0
0.055267702936096716,1.0
0.055286800276434005,1.0
0.055305910819218804,1.0
0.05532503457814661,1.0
0.05534417156693186,1.0
0.05536332179930796,1.0
0.055382485289027346,1.0
0.055401662049861494,1.0
0.05542085209560097,1.0
0.05544005544005544,1.0
0.05545927209705372,1.0
0.05547850208044383,1.0
0.05549774540409296,1.0
0.055517002081887576,1.0
0.055536272127733426,1.0
0.05555555555555555,1.0
0.055574852379298365,1.0
0.05559416261292564,1.0
0.05561348627042058,1.0
0.055632823365785816,1.0
0.05565217391304348,1.0
0.055671537926235214,1.0
0.055690915419422206,1.0
0.055710306406685235,1.0
0.055729710902124696,1.0
0.05574912891986063,1.0
0.055768560474032766,1.0
0.05578800557880056,1.0
0.055807464248343215,1.0
0.055826936496859735,1.0
0.055846422338568937,1.0
0.055865921787709494,1.0
0.055885434858539994,1.0
0.055904961565338925,1.0
0.05592450192240475,1.0
0.055944055944055944,1.0
0.05596362364463099,1.0
0.05598320503848846,1.0
0.056002800140007,1.0
0.056022408963585436,1.0
0.05604203152364273,1.0
0.05606166783461808,1.0
0.05608131791097091,1.0
0.056100981767180924,1.0
0.05612065941774816,1.0
0.056140350877192984,1.0
0.05616005616005616,1.0
0.056179775280898875,1.0
0.056199508254302775,1.0
0.05621925509486999,1.0
0.056239015817223195,1.0
0.05625879043600562,1.0
0.056278578965881114,1.0
0.05629838142153413,1.0
0.056318197817669835,1.0
0.056338028169014086,1.0
0.05635787249031349,1.0
0.05637773079633545,1.0
0.05639760310186817,1.0
0.056417489421720736,1.0
0.0564373897707231,1.0
0.056457304163726185,1.0
0.056477232615601836,1.0
0.05649717514124294,1.0
0.0565171317555634,1.0
0.05653710247349823,1.0
0.056557087310003536,1.0
0.056577086280056574,1.0
0.05659709939865582,1.0
0.056617126680820945,1.0
0.05663716814159292,1.0
0.056657223796033995,1.0
0.05667729365922777,1.0
0.05669737774627923,1.0
0.05671747607231478,1.0
0.05673758865248227,1.0
0.056757715501951043,1.0
0.05677785663591199,1.0
0.05679801206957757,1.0
0.056818181818181816,1.0
0.056838365896980464,1.0
0.05685856432125089,1.0
0.056878777106292217,1.0
0.05689900426742532,1.0
0.056919245819992886,1.0
0.05693950177935943,1.0
0.05695977216091136,1.0
0.05698005698005698,1.0
0.057000356252226575,1.0
0.05702066999287242,1.0
0.0570409982174688,1.0
0.05706134094151213,1.0
0.05708169818052087,1.0
0.05710206995003569,1.0
0.057122456265619424,1.0
0.05714285714285714,1.0
0.0571632725973562,1.0
0.057183702644746245,1.0
0.0572041473006793,1.0
0.05722460658082976,1.0
0.057245080500894455,1.0
0.0572655690765927,1.0
0.05728607232366631,1.0
0.05730659025787966,1.0
0.057327122895019705,1.0
0.05734767025089606,1.0
0.05736823234134098,1.0
0.05738880918220947,1.0
0.05740940078937926,1.0
0.057430007178750894,1.0
0.05745062836624776,1.0
0.05747126436781609,1.0
0.05749191519942508,1.0
0.05751258087706686,1.0
0.05753326141675656,1.0
0.05755395683453238,1.0
0.05757466714645556,1.0
0.05759539236861051,1.0
0.05761613251710479,1.0
0.05763688760806916,1.0
0.05765765765765766,1.0
0.05767844268204758,1.0
0.0576992426974396,1.0
0.05772005772005772,1.0
0.057740887766149405,1.0
0.05776173285198556,1.0
0.0577825929938606,1.0
0.057803468208092484,1.0
0.057824358511022765,1.0
0.05784526391901663,1.0
0.05786618444846293,1.0
0.05788712011577424,1.0
0.057908070937386896,1.0
0.05792903692976104,1.0
0.057950018109380656,1.0
0.057971014492753624,1.0
0.05799202609641174,1.0
0.05801305293691081,1.0
0.05803409503083061,1.0
0.05805515239477504,1.0
0.05807622504537205,1.0
0.05809731299927379,1.0
0.05811841627315656,1.0
0.05813953488372093,1.0
0.05816066884769175,1.0
0.05818181818181818,1.0
0.05820298290287377,1.0
0.05822416302765648,1.0
0.058245358572988716,1.0
0.05826656955571741,1.0
0.058287795992714025,1.0
0.05830903790087463,1.0
0.058330295297119944,1.0
0.058351568198395334,1.0
0.058372856621670924,1.0
0.058394160583941604,1.0
0.058415480102227094,1.0
0.05843681519357195,1.0
0.05845816587504567,1.0
0.05847953216374269,1.0
0.05850091407678245,1.0
0.058522311631309436,1.0
0.05854372484449323,1.0
0.05856515373352855,1.0
0.0585865983156353,1.0
0.05860805860805861,1.0
0.05862953462806889,1.0
0.05865102639296188,1.0
0.058672533920058674,1.0
0.058694057226705794,1.0
0.05871559633027523,1.0
0.05873715124816446,1.0
0.05875872199779655,1.0
0.05878030859662013,1.0
0.05880191106210952,1.0
0.058823529411764705,1.0
0.05884516366311144,1.0
0.05886681383370125,1.0
0.05888847994111152,1.0
0.05891016200294551,1.0
0.058931860036832415,1.0
0.058953574060427415,1.0
0.058975304091411725,1.0
0.058997050147492625,1.0
0.05901881224640354,1.0
0.05904059040590406,1.0
0.05906238464377999,1.0
0.059084194977843424,1.0
0.05910602142593277,1.0
0.059127864005912786,1.0
0.059149722735674676,1.0
0.05917159763313609,1.0
0.059193488716241215,1.0
0.05921539600296077,1.0
0.059237319511292116,1.0
0.05925925925925926,1.0
0.05928121526491293,1.0
0.05930318754633061,1.0
0.05932517612161661,1.0
0.05934718100890208,1.0
0.059369202226345084,1.0
0.05939123979213066,1.0
0.05941329372447085,1.0
0.05943536404160475,1.0
0.059457450761798585,1.0
0.05947955390334572,1.0
0.05950167348456675,1.0
0.05952380952380952,1.0
0.0595459620394492,1.0
0.05956813104988831,1.0
0.0595903165735568,1.0
0.05961251862891207,1.0
0.05963473723443906,1.0
0.05965697240865026,1.0
0.05967922417008579,1.0
0.05970149253731343,1.0
0.059723777528928705,1.0
0.05974607916355489,1.0
0.05976839745984311,1.0
0.059790732436472344,1.0
0.059813084112149535,1.0
0.05983545250560957,1.0
0.05985783763561541,1.0
0.059880239520958084,1.0
0.05990265818045676,1.0
0.0599250936329588,1.0
0.059947545897339825,1.0
0.05997001499250375,1.0
0.05999250093738283,1.0
0.06001500375093773,1.0
0.0600375234521576,1.0
0.06006006006006006,1.0
0.060082613593691325,1.0
0.06010518407212622,1.0
0.06012777151446824,1.0
0.06015037593984962,1.0
0.06017299736743136,1.0
0.06019563581640331,1.0
0.06021829130598419,1.0
0.060240963855421686,1.0
0.060263653483992465,1.0
0.06028636021100226,1.0
0.0603090840557859,1.0
0.06033182503770739,1.0
0.06035458317615994,1.0
0.06037735849056604,1.0
0.0604001510003775,1.0
0.06042296072507553,1.0
0.06044578768417076,1.0
0.06046863189720333,1.0
0.06049149338374291,1.0
0.060514372163388806,1.0
0.06053726825576996,1.0
0.06056018168054504,1.0
0.0605831124574025,1.0
0.06060606060606061,1.0
0.06062902614626753,1.0
0.060652009097801364,1.0
0.06067500948047023,1.0
0.06069802731411229,1.0
0.06072106261859583,1.0
0.060744115413819286,1.0
0.060767185719711354,1.0
0.060790273556231005,1.0
0.06081337894336754,1.0
0.060836501901140684,1.0
0.060859642449600605,1.0
0.060882800608828,1.0
0.06090597639893414,1.0
0.06092916984006093,1.0
0.06095238095238095,1.0
0.06097560975609756,1.0
0.06099885627144491,1.0
0.06102212051868802,1.0
0.061045402518122856,1.0
0.061068702290076333,1.0
0.061092019854906456,1.0
0.061115355233002294,1.0
0.061138708444784105,1.0
0.06116207951070336,1.0
0.06118546845124283,1.0
0.061208875286916604,1.0
0.06123230003827019,1.0
0.06125574272588055,1.0
0.06127920337035619,1.0
0.06130268199233716,1.0
0.06132617861249521,1.0
0.06134969325153374,1.0
0.06137322593018796,1.0
0.06139677666922486,1.0
0.061420345489443376,1.0
0.06144393241167435,1.0
0.06146753745678064,1.0
0.061491160645657184,1.0
0.06151480199923107,1.0
0.06153846153846154,1.0
0.06156213928434013,1.0
0.061585835257890686,1.0
0.061609549480169425,1.0
0.061633281972265024,1.0
0.06165703275529865,1.0
0.06168080185042406,1.0
0.06170458927882761,1.0
0.06172839506172839,1.0
0.061752219220378234,1.0
0.06177606177606178,1.0
0.06179992275009656,1.0
0.061823802163833076,1.0
0.061847700038654814,1.0
0.061871616395978345,1.0
0.061895551257253385,1.0
0.06191950464396285,1.0
0.06194347657762292,1.0
0.061967467079783116,1.0
0.06199147617202635,1.0
0.06201550387596899,1.0
0.062039550213260956,1.0
0.062063615205585725,1.0
0.06208769887466046,1.0
0.062111801242236024,1.0
0.062135922330097085,1.0
0.06216006216006216,1.0
0.06218422075398368,1.0
0.06220839813374806,1.0
0.062232594321275765,1.0
0.0622568093385214,1.0
0.06228104320747373,1.0
0.06230529595015576,1.0
0.06232956758862485,1.0
0.06235385814497272,1.0
0.06237816764132553,1.0
0.062402496099843996,1.0
0.06242684354272337,1.0
0.0624512099921936,1.0
0.06247559547051933,1.0
0.0625,1.0
0.0625244236029699,1.0
0.06254886630179828,1.0
0.06257332811888933,1.0
0.06259780907668232,1.0
0.06262230919765166,1.0
0.06264682850430697,1.0
0.06267136701919311,1.0
0.06269592476489028,1.0
0.06272050176401411,1.0
0.06274509803921569,1.0
0.06276971361318164,1.0
0.06279434850863422,1.0
0.06281900274833137,1.0
0.06284367635506677,1.0
0.06286836935166994,1.0
0.06289308176100629,1.0
0.06291781360597719,1.0
0.06294256490952006,1.0
0.06296733569460843,1.0
0.06299212598425197,1.0
0.06301693580149666,1.0
0.06304176516942474,1.0
0.06306661411115491,1.0
0.06309148264984227,1.0
0.0631163708086785,1.0
0.06314127861089187,1.0
0.06316620607974734,1.0
0.0631911532385466,1.0
0.06321612011062822,1.0
0.06324110671936758,1.0
0.06326611308817714,1.0
0.06329113924050633,1.0
0.06331618519984171,1.0
0.06334125098970704,1.0
0.06336633663366337,1.0
0.06339144215530904,1.0
0.06341656757827982,1.0
0.063441712926249,1.0
0.0634668782229274,1.0
0.06349206349206349,1.0
0.06351726875744343,1.0
0.06354249404289118,1.0
0.06356773937226858,1.0
0.06359300476947535,1.0
0.0636182902584493,1.0
0.06364359586316627,1.0
0.06366892160764027,1.0
0.06369426751592357,1.0
0.06371963361210672,1.0
0.06374501992031872,1.0
0.06377042646472698,1.0
0.06379585326953748,1.0
0.06382130035899482,1.0
0.06384676775738228,1.0
0.06387225548902195,1.0
0.06389776357827476,1.0
0.06392329204954054,1.0
0.0639488409272582,1.0
0.06397441023590564,1.0
0.064,1.0
0.06402561024409764,1.0
0.06405124099279423,1.0
0.06407689227072487,1.0
0.0641025641025641,1.0
0.06412825651302605,1.0
0.06415396952686447,1.0
0.06417970316887285,1.0
0.06420545746388442,1.0
0.06423123243677238,1.0
0.0642570281124498,1.0
0.06428284451586982,1.0
0.06430868167202572,1.0
0.06433453960595094,1.0
0.06436041834271923,1.0
0.06438631790744467,1.0
0.0644122383252818,1.0
0.0644381796214257,1.0
0.064464141821112,1.0
0.06449012494961709,1.0
0.06451612903225806,1.0
0.0645421540943929,1.0
0.0645682001614205,1.0
0.06459426725878079,1.0
0.06462035541195477,1.0
0.06464646464646465,1.0
0.0646725949878739,1.0
0.0646987464617873,1.0
0.06472491909385113,1.0
0.06475111290975313,1.0
0.06477732793522267,1.0
0.06480356419603078,1.0
0.06482982171799027,1.0
0.06485610052695581,1.0
0.064882400648824,1.0
0.06490872210953347,1.0
0.06493506493506493,1.0
0.06496142915144133,1.0
0.06498781478472786,1.0
0.0650142218610321,1.0
0.06504065040650407,1.0
0.06506710044733631,1.0
0.06509357200976404,1.0
0.06512006512006512,1.0
0.06514657980456026,1.0
0.06517311608961303,1.0
0.06519967400162999,1.0
0.06522625356706074,1.0
0.06525285481239804,1.0
0.06527947776417789,1.0
0.0653061224489796,1.0
0.06533278889342589,1.0
0.06535947712418301,1.0
0.06538618716796077,1.0
0.06541291905151267,1.0
0.065439672801636,1.0
0.06546644844517185,1.0
0.06549324600900532,1.0
0.06552006552006552,1.0
0.06554690700532569,1.0
0.06557377049180328,1.0
0.06560065600656007,1.0
0.06562756357670221,1.0
0.06565449322938038,1.0
0.06568144499178982,1.0
0.06570841889117043,1.0
0.0657354149548069,1.0
0.06576243321002877,1.0
0.06578947368421052,1.0
0.0658165364047717,1.0
0.06584362139917696,1.0
0.06587072869493618,1.0
0.06589785831960461,1.0
0.06592501030078286,1.0
0.06595218466611706,1.0
0.06597938144329897,1.0
0.066006600660066,1.0
0.0660338423442014,1.0
0.06606110652353427,1.0
0.06608839322593969,1.0
0.06611570247933884,1.0
0.06614303431169904,1.0
0.06617038875103391,1.0
0.06619776582540339,1.0
0.06622516556291391,1.0
0.06625258799171843,1.0
0.06628003314001657,1.0
0.0663075010360547,1.0
0.06633499170812604,1.0
0.06636250518457072,1.0
0.06639004149377593,1.0
0.06641760066417601,1.0
0.0664451827242525,1.0
0.06647278770253427,1.0
0.06650041562759768,1.0
0.06652806652806653,1.0
0.06655574043261231,1.0
0.06658343736995423,1.0
0.06661115736885928,1.0
0.06663890045814244,1.0
0.06666666666666667,1.0
0.06669445602334306,1.0
0.06672226855713094,1.0
0.06675010429703797,1.0
0.0667779632721202,1.0
0.06680584551148225,1.0
0.06683375104427736,1.0
0.06686167989970748,1.0
0.06688963210702341,1.0
0.06691760769552489,1.0
0.06694560669456066,1.0
0.06697362913352867,1.0
0.06700167504187604,1.0
0.06702974444909929,1.0
0.06705783738474434,1.0
0.06708595387840671,1.0
0.06711409395973154,1.0
0.06714225765841376,1.0
0.06717044500419815,1.0
0.06719865602687947,1.0
0.06722689075630252,1.0
0.06725514922236234,1.0
0.0672834314550042,1.0
0.06731173748422381,1.0
0.06734006734006734,1.0
0.06736842105263158,1.0
0.06739679865206402,1.0
0.067425200168563,1.0
0.06745362563237774,1.0
0.06748207507380852,1.0
0.06751054852320675,1.0
0.0675390460109751,1.0
0.06756756756756757,1.0
0.06759611322348964,1.0
0.0676246830092984,1.0
0.06765327695560254,1.0
0.0676818950930626,1.0
0.06771053745239103,1.0
0.06773920406435224,1.0
0.0677678949597628,1.0
0.06779661016949153,1.0
0.06782534972445951,1.0
0.06785411365564037,1.0
0.06788290199406025,1.0
0.06791171477079797,1.0
0.06794055201698514,1.0
0.06796941376380629,1.0
0.06799830004249893,1.0
0.06802721088435375,1.0
0.06805614632071459,1.0
0.06808510638297872,1.0
0.06811409110259685,1.0
0.06814310051107325,1.0
0.06817213463996591,1.0
0.06820119352088662,1.0
0.06823027718550106,1.0
0.06825938566552901,1.0
0.06828851899274435,1.0
0.06831767719897523,1.0
0.06834686031610424,1.0
0.06837606837606838,1.0
0.06840530141085935,1.0
0.06843455945252352,1.0
0.06846384253316218,1.0
0.0684931506849315,1.0
0.06852248394004283,1.0
0.06855184233076264,1.0
0.06858122588941278,1.0
0.0686106346483705,1.0
0.06864006864006864,1.0
0.06866952789699571,1.0
0.068699012451696,1.0
0.06872852233676977,1.0
0.06875805758487323,1.0
0.06878761822871883,1.0
0.06881720430107527,1.0
0.06884681583476764,1.0
0.06887645286267757,1.0
0.06890611541774333,1.0
0.06893580353295993,1.0
0.06896551724137931,1.0
0.06899525657611039,1.0
0.06902502157031924,1.0
0.06905481225722918,1.0
0.0690846286701209,1.0
0.06911447084233262,1.0
0.06914433880726016,1.0
0.06917423259835712,1.0
0.06920415224913495,1.0
0.06923409779316313,1.0
0.06926406926406926,1.0
0.0692940666955392,1.0
0.06932409012131716,1.0
0.06935413957520589,1.0
0.06938421509106678,1.0
0.06941431670281996,1.0
0.06944444444444445,1.0
0.0694745983499783,1.0
0.06950477845351868,1.0
0.06953498478922207,1.0
0.06956521739130435,1.0
0.06959547629404089,1.0
0.06962576153176675,1.0
0.0696560731388768,1.0
0.06968641114982578,1.0
0.06971677559912855,1.0
0.06974716652136007,1.0
0.06977758395115569,1.0
0.06980802792321117,1.0
0.06983849847228285,1.0
0.06986899563318777,1.0
0.06989951944080385,1.0
0.06993006993006994,1.0
0.069960647135986,1.0
0.0699912510936133,1.0
0.0700218818380744,1.0
0.07005253940455342,1.0
0.0700832238282961,1.0
0.07011393514460999,1.0
0.07014467338886453,1.0
0.07017543859649122,1.0
0.07020623080298377,1.0
0.07023705004389816,1.0
0.07026789635485288,1.0
0.070298769771529,1.0
0.07032967032967033,1.0
0.07036059806508356,1.0
0.07039155301363836,1.0
0.07042253521126761,1.0
0.07045354469396742,1.0
0.07048458149779736,1.0
0.07051564565888056,1.0
0.07054673721340388,1.0
0.070577856197618,1.0
0.0706090026478376,1.0
0.0706401766004415,1.0
0.0706713780918728,1.0
0.07070260715863898,1.0
0.07073386383731212,1.0
0.07076514816452897,1.0
0.07079646017699115,1.0
0.07082779991146525,1.0
0.070859167404783,1.0
0.07089056269384138,1.0
0.07092198581560284,1.0
0.07095343680709534,1.0
0.0709849157054126,1.0
0.07101642254771416,1.0
0.07104795737122557,1.0
0.07107952021323856,1.0
0.07111111111111111,1.0
0.07114273010226767,1.0
0.0711743772241993,1.0
0.07120605251446373,1.0
0.07123775601068566,1.0
0.07126948775055679,1.0
0.07130124777183601,1.0
0.07133303611234953,1.0
0.07136485280999108,1.0
0.071396697902722,1.0
0.07142857142857142,1.0
0.07146047342563644,1.0
0.07149240393208221,1.0
0.07152436298614215,1.0
0.07155635062611806,1.0
0.07158836689038031,1.0
0.07162041181736795,1.0
0.07165248544558889,1.0
0.07168458781362007,1.0
0.07171671896010758,1.0
0.07174887892376682,1.0
0.07178106774338268,1.0
0.0718132854578097,1.0
0.07184553210597217,1.0
0.07187780772686433,1.0
0.07191011235955057,1.0
0.07194244604316546,1.0
0.07197480881691408,1.0
0.07200720072007201,1.0
0.07203962179198559,1.0
0.07207207207207207,1.0
0.07210455159981974,1.0
0.0721370604147881,1.0
0.07216959855660803,1.0
0.07220216606498195,1.0
0.07223476297968397,1.0
0.07226738934056007,1.0
0.07230004518752824,1.0
0.07233273056057866,1.0
0.07236544549977386,1.0
0.07239819004524888,1.0
0.0724309642372114,1.0
0.07246376811594203,1.0
0.07249660172179428,1.0
0.07252946509519492,1.0
0.07256235827664399,1.0
0.07259528130671507,1.0
0.07262823422605538,1.0
0.07266121707538602,1.0
0.07269422989550205,1.0
0.07272727272727272,1.0
0.07276034561164166,1.0
0.07279344858962693,1.0
0.07282658170232134,1.0
0.07285974499089254,1.0
0.07289293849658314,1.0
0.07292616226071102,1.0
0.0729594163246694,1.0
0.072992700729927,1.0
0.0730260155180283,1.0
0.0730593607305936,1.0
0.07309273640931932,1.0
0.07312614259597806,1.0
0.07315957933241884,1.0
0.07319304666056725,1.0
0.07322654462242563,1.0
0.07326007326007326,1.0
0.07329363261566652,1.0
0.07332722273143905,1.0
0.07336084364970197,1.0
0.07339449541284404,1.0
0.07342817806333181,1.0
0.07346189164370982,1.0
0.07349563619660082,1.0
0.07352941176470588,1.0
0.0735632183908046,1.0
0.07359705611775529,1.0
0.07363092498849516,1.0
0.07366482504604052,1.0
0.07369875633348687,1.0
0.07373271889400922,1.0
0.07376671277086215,1.0
0.07380073800738007,1.0
0.07383479464697738,1.0
0.07386888273314866,1.0
0.07390300230946882,1.0
0.07393715341959335,1.0
0.07397133610725844,1.0
0.07400555041628122,1.0
0.07403979639055992,1.0
0.07407407407407407,1.0
0.07410838351088467,1.0
0.07414272474513438,1.0
0.07417709782104775,1.0
0.07421150278293136,1.0
0.07424593967517401,1.0
0.07428040854224698,1.0
0.07431490942870414,1.0
0.07434944237918216,1.0
0.07438400743840075,1.0
0.07441860465116279,1.0
0.07445323406235459,1.0
0.074487895716946,1.0
0.07452258965999069,1.0
0.07455731593662628,1.0
0.07459207459207459,1.0
0.07462686567164178,1.0
0.07466168922071861,1.0
0.07469654528478058,1.0
0.07473143390938813,1.0
0.07476635514018691,1.0
0.0748013090229079,1.0
0.07483629560336763,1.0
0.07487131492746842,1.0
0.0749063670411985,1.0
0.07494145199063232,1.0
0.07497656982193064,1.0
0.07501172058134084,1.0
0.075046904315197,1.0
0.07508212106992022,1.0
0.07511737089201878,1.0
0.0751526538280883,1.0
0.07518796992481203,1.0
0.07522331922896097,1.0
0.07525870178739416,1.0
0.07529411764705882,1.0
0.07532956685499058,1.0
0.07536504945831371,1.0
0.07540056550424128,1.0
0.07543611504007544,1.0
0.07547169811320754,1.0
0.07550731477111845,1.0
0.07554296506137866,1.0
0.07557864903164856,1.0
0.07561436672967864,1.0
0.07565011820330969,1.0
0.07568590350047304,1.0
0.07572172266919072,1.0
0.07575757575757576,1.0
0.07579346281383231,1.0
0.07582938388625593,1.0
0.07586533902323377,1.0
0.07590132827324478,1.0
0.07593735168485999,1.0
0.07597340930674264,1.0
0.07600950118764846,1.0
0.07604562737642585,1.0
0.07608178792201617,1.0
0.07611798287345385,1.0
0.07615421227986673,1.0
0.0761904761904762,1.0
0.07622677465459743,1.0
0.07626310772163966,1.0
0.07629947544110634,1.0
0.07633587786259542,1.0
0.07637231503579953,1.0
0.07640878701050621,1.0
0.07644529383659819,1.0
0.07648183556405354,1.0
0.07651841224294596,1.0
0.07655502392344497,1.0
0.07659167065581618,1.0
0.07662835249042145,1.0
0.07666506947771921,1.0
0.07670182166826463,1.0
0.07673860911270983,1.0
0.07677543186180422,1.0
0.07681228996639462,1.0
0.07684918347742556,1.0
0.07688611244593946,1.0
0.07692307692307693,1.0
0.07696007696007696,1.0
0.07699711260827719,1.0
0.07703418391911411,1.0
0.07707129094412331,1.0
0.07710843373493977,1.0
0.07714561234329798,1.0
0.07718282682103232,1.0
0.07722007722007722,1.0
0.0772573635924674,1.0
0.07729468599033816,1.0
0.07733204446592556,1.0
0.07736943907156674,1.0
0.07740686985970005,1.0
0.07744433688286544,1.0
0.0774818401937046,1.0
0.07751937984496124,1.0
0.07755695588948133,1.0
0.07759456838021339,1.0
0.07763221737020863,1.0
0.07766990291262135,1.0
0.07770762506070908,1.0
0.07774538386783285,1.0
0.07778317938745746,1.0
0.07782101167315175,1.0
0.07785888077858881,1.0
0.07789678675754626,1.0
0.07793472966390648,1.0
0.07797270955165692,1.0
0.0780107264748903,1.0
0.07804878048780488,1.0
0.07808687164470474,1.0
0.078125,1.0
0.07816316560820713,1.0
0.07820136852394917,1.0
0.07823960880195599,1.0
0.07827788649706457,1.0
0.07831620166421928,1.0
0.07835455435847209,1.0
0.07839294463498285,1.0
0.0784313725490196,1.0
0.0784698381559588,1.0
0.07850834151128558,1.0
0.07854688267059401,1.0
0.07858546168958742,1.0
0.07862407862407862,1.0
0.07866273352999016,1.0
0.07870142646335465,1.0
0.07874015748031496,1.0
0.07877892663712457,1.0
0.07881773399014778,1.0
0.07885657959586002,1.0
0.07889546351084813,1.0
0.07893438579181056,1.0
0.07897334649555775,1.0
0.07901234567901234,1.0
0.07905138339920949,1.0
0.07909045971329709,1.0
0.0791295746785361,1.0
0.07916872835230084,1.0
0.07920792079207921,1.0
0.079247152055473,1.0
0.07928642220019821,1.0
0.07932573128408528,1.0
0.07936507936507936,1.0
0.0794044665012407,1.0
0.07944389275074479,1.0
0.07948335817188276,1.0
0.07952286282306163,1.0
0.07956240676280457,1.0
0.07960199004975124,1.0
0.07964161274265803,1.0
0.0796812749003984,1.0
0.07972097658196313,1.0
0.07976071784646062,1.0
0.0798004987531172,1.0
0.07984031936127745,1.0
0.0798801797304044,1.0
0.07992007992007992,1.0
0.079960019990005,1.0
0.08,1.0
0.080040020010005,1.0
0.08008008008008008,1.0
0.08012018027040561,1.0
0.08016032064128256,1.0
0.08020050125313283,1.0
0.0802407221664995,1.0
0.08028098344204716,1.0
0.08032128514056225,1.0
0.0803616273229533,1.0
0.08040201005025126,1.0
0.08044243338360986,1.0
0.08048289738430583,1.0
0.0805234021137393,1.0
0.08056394763343404,1.0
0.08060453400503778,1.0
0.08064516129032258,1.0
0.08068582955118507,1.0
0.08072653884964683,1.0
0.08076728924785462,1.0
0.08080808080808081,1.0
0.0808489135927236,1.0
0.08088978766430738,1.0
0.08093070308548306,1.0
0.08097165991902834,1.0
0.0810126582278481,1.0
0.08105369807497467,1.0
0.08109477952356817,1.0
0.08113590263691683,1.0
0.08117706747843734,1.0
0.08121827411167512,1.0
0.08125952260030472,1.0
0.08130081300813008,1.0
0.0813421453990849,1.0
0.08138351983723296,1.0
0.08142493638676845,1.0
0.0814663951120163,1.0
0.0815078960774325,1.0
0.08154943934760449,1.0
0.0815910249872514,1.0
0.08163265306122448,1.0
0.0816743236345074,1.0
0.08171603677221655,1.0
0.08175779253960143,1.0
0.081799591002045,1.0
0.08184143222506395,1.0
0.08188331627430911,1.0
0.0819252432155658,1.0
0.08196721311475409,1.0
0.08200922603792926,1.0
0.08205128205128205,1.0
0.08209338122113904,1.0
0.08213552361396304,1.0
0.08217770929635336,1.0
0.08221993833504625,1.0
0.08226221079691516,1.0
0.0823045267489712,1.0
0.08234688625836335,1.0
0.082389289392379,1.0
0.0824317362184441,1.0
0.08247422680412371,1.0
0.08251676121712223,1.0
0.0825593395252838,1.0
0.08260196179659267,1.0
0.08264462809917356,1.0
0.082687338501292,1.0
0.0827300930713547,1.0
0.08277289187790998,1.0
0.08281573498964803,1.0
0.08285862247540135,1.0
0.08290155440414508,1.0
0.08294453084499741,1.0
0.08298755186721991,1.0
0.08303061754021795,1.0
0.08307372793354102,1.0
0.08311688311688312,1.0
0.08316008316008316,1.0
0.08320332813312532,1.0
0.08324661810613944,1.0
0.08328995314940135,1.0
0.08333333333333333,1.0
0.08337675872850443,1.0
0.08342022940563086,1.0
0.08346374543557643,1.0
0.08350730688935282,1.0
0.0835509138381201,1.0
0.08359456635318704,1.0
0.0836382645060115,1.0
0.08368200836820083,1.0
0.0837257980115123,1.0
0.08376963350785341,1.0
0.08381351492928235,1.0
0.08385744234800839,1.0
0.08390141583639224,1.0
0.08394543546694648,1.0
0.08398950131233596,1.0
0.08403361344537816,1.0
0.08407777193904362,1.0
0.08412197686645637,1.0
0.08416622830089426,1.0
0.08421052631578947,1.0
0.08425487098472881,1.0
0.08429926238145416,1.0
0.08434370057986294,1.0
0.08438818565400844,1.0
0.08443271767810026,1.0
0.08447729672650475,1.0
0.08452192287374538,1.0
0.08456659619450317,1.0
0.08461131676361713,1.0
0.08465608465608465,1.0
0.08470089994706194,1.0
0.0847457627118644,1.0
0.08479067302596714,1.0
0.08483563096500531,1.0
0.08488063660477453,1.0
0.08492569002123142,1.0
0.0849707912904939,1.0
0.08501594048884166,1.0
0.08506113769271664,1.0
0.0851063829787234,1.0
0.08515167642362959,1.0
0.08519701810436635,1.0
0.08524240809802877,1.0
0.08528784648187633,1.0
0.08533333333333333,1.0
0.08537886872998933,1.0
0.08542445274959957,1.0
0.08547008547008547,1.0
0.08551576696953501,1.0
0.0855614973262032,1.0
0.08560727661851257,1.0
0.08565310492505353,1.0
0.0856989823245849,1.0
0.0857449088960343,1.0
0.08579088471849866,1.0
0.08583690987124463,1.0
0.08588298443370908,1.0
0.08592910848549946,1.0
0.08597528210639441,1.0
0.08602150537634409,1.0
0.08606777837547068,1.0
0.0861141011840689,1.0
0.08616047388260635,1.0
0.08620689655172414,1.0
0.0862533692722372,1.0
0.08629989212513485,1.0
0.08634646519158122,1.0
0.08639308855291576,1.0
0.0864397622906537,1.0
0.08648648648648649,1.0
0.08653326122228232,1.0
0.08658008658008658,1.0
0.08662696264212236,1.0
0.0866738894907909,1.0
0.08672086720867209,1.0
0.08676789587852494,1.0
0.08681497558328811,1.0
0.08686210640608034,1.0
0.08690928843020097,1.0
0.08695652173913043,1.0
0.08700380641653073,1.0
0.08705114254624592,1.0
0.08709853021230267,1.0
0.08714596949891068,1.0
0.08719346049046321,1.0
0.08724100327153762,1.0
0.0872885979268958,1.0
0.08733624454148471,1.0
0.08738394320043692,1.0
0.08743169398907104,1.0
0.08747949699289229,1.0
0.087527352297593,1.0
0.08757525998905309,1.0
0.08762322015334063,1.0
0.08767123287671233,1.0
0.08771929824561403,1.0
0.0877674163466813,1.0
0.08781558726673985,1.0
0.08786381109280615,1.0
0.08791208791208792,1.0
0.0879604178119846,1.0
0.08800880088008801,1.0
0.08805723720418272,1.0
0.0881057268722467,1.0
0.0881542699724518,1.0
0.08820286659316427,1.0
0.0882515168229454,1.0
0.08830022075055188,1.0
0.0883489784649365,1.0
0.08839779005524862,1.0
0.08844665561083472,1.0
0.08849557522123894,1.0
0.08854454897620365,1.0
0.08859357696567,1.0
0.0886426592797784,1.0
0.08869179600886919,1.0
0.08874098724348309,1.0
0.08879023307436182,1.0
0.08883953359244864,1.0
0.08888888888888889,1.0
0.08893829905503058,1.0
0.08898776418242492,1.0
0.08903728436282693,1.0
0.08908685968819599,1.0
0.08913649025069638,1.0
0.08918617614269789,1.0
0.08923591745677635,1.0
0.08928571428571429,1.0
0.0893355667225014,1.0
0.0893854748603352,1.0
0.08943543879262157,1.0
0.0894854586129754,1.0
0.08953553441522104,1.0
0.08958566629339305,1.0
0.0896358543417367,1.0
0.08968609865470852,1.0
0.08973639932697701,1.0
0.08978675645342311,1.0
0.08983717012914093,1.0
0.0898876404494382,1.0
0.08993816750983699,1.0
0.08998875140607424,1.0
0.09003939223410241,1.0
0.09009009009009009,1.0
0.09014084507042254,1.0
0.09019165727170236,1.0
0.09024252679075014,1.0
0.09029345372460497,1.0
0.09034443817052512,1.0
0.0903954802259887,1.0
0.09044657998869418,1.0
0.09049773755656108,1.0
0.09054895302773061,1.0
0.09060022650056625,1.0
0.0906515580736544,1.0
0.09070294784580499,1.0
0.09075439591605218,1.0
0.09080590238365494,1.0
0.09085746734809767,1.0
0.09090909090909091,1.0
0.09096077316657192,1.0
0.09101251422070535,1.0
0.09106431417188389,1.0
0.09111617312072894,1.0
0.09116809116809117,1.0
0.09122006841505131,1.0
0.09127210496292071,1.0
0.091324200913242,1.0
0.09137635636778983,1.0
0.09142857142857143,1.0
0.09148084619782733,1.0
0.09153318077803203,1.0
0.09158557527189468,1.0
0.09163802978235967,1.0
0.09169054441260745,1.0
0.09174311926605505,1.0
0.09179575444635686,1.0
0.09184845005740529,1.0
0.09190120620333142,1.0
0.09195402298850575,1.0
0.09200690051753882,1.0
0.09205983889528194,1.0
0.09211283822682786,1.0
0.09216589861751152,1.0
0.09221902017291066,1.0
0.0922722029988466,1.0
0.09232544720138489,1.0
0.09237875288683603,1.0
0.09243212016175621,1.0
0.09248554913294797,1.0
0.09253903990746096,1.0
0.09259259259259259,1.0
0.09264620729588882,1.0
0.09269988412514485,1.0
0.0927536231884058,1.0
0.09280742459396751,1.0
0.09286128845037725,1.0
0.09291521486643438,1.0
0.09296920395119117,1.0
0.09302325581395349,1.0
0.09307737056428156,1.0
0.09313154831199069,1.0
0.093185789167152,1.0
0.09324009324009325,1.0
0.09329446064139942,1.0
0.09334889148191365,1.0
0.09340338587273789,1.0
0.09345794392523364,1.0
0.09351256575102279,1.0
0.0935672514619883,1.0
0.09362200117027501,1.0
0.0936768149882904,1.0
0.09373169302870533,1.0
0.09378663540445487,1.0
0.093841642228739,1.0
0.09389671361502347,1.0
0.09395184967704051,1.0
0.09400705052878966,1.0
0.09406231628453851,1.0
0.09411764705882353,1.0
0.09417304296645085,1.0
0.09422850412249706,1.0
0.09428403064230996,1.0
0.09433962264150944,1.0
0.0943952802359882,1.0
0.09445100354191263,1.0
0.09450679267572357,1.0
0.09456264775413711,1.0
0.09461856889414548,1.0
0.09467455621301775,1.0
0.09473060982830077,1.0
0.0947867298578199,1.0
0.0948429164196799,1.0
0.09489916963226572,1.0
0.09495548961424333,1.0
0.09501187648456057,1.0
0.09506833036244801,1.0
0.09512485136741974,1.0
0.09518143961927424,1.0
0.09523809523809523,1.0
0.09529481834425253,1.0
0.09535160905840286,1.0
0.09540846750149076,1.0
0.0954653937947494,1.0
0.0955223880597015,1.0
0.0955794504181601,1.0
0.09563658099222953,1.0
0.09569377990430622,1.0
0.09575104727707959,1.0
0.09580838323353294,1.0
0.09586578789694428,1.0
0.09592326139088729,1.0
0.09598080383923216,1.0
0.09603841536614646,1.0
0.0960960960960961,1.0
0.09615384615384616,1.0
0.09621166566446182,1.0
0.09626955475330927,1.0
0.09632751354605659,1.0
0.0963855421686747,1.0
0.09644364074743822,1.0
0.09650180940892641,1.0
0.09656004828002414,1.0
0.0966183574879227,1.0
0.09667673716012085,1.0
0.09673518742442563,1.0
0.09679370840895342,1.0
0.09685230024213075,1.0
0.09691096305269534,1.0
0.09696969696969697,1.0
0.09702850212249849,1.0
0.0970873786407767,1.0
0.09714632665452337,1.0
0.09720534629404617,1.0
0.0972644376899696,1.0
0.09732360097323602,1.0
0.09738283627510651,1.0
0.09744214372716199,1.0
0.09750152346130408,1.0
0.0975609756097561,1.0
0.09762050030506407,1.0
0.09768009768009768,1.0
0.09773976786805132,1.0
0.097799511002445,1.0
0.09785932721712538,1.0
0.09791921664626684,1.0
0.09797917942437231,1.0
0.09803921568627451,1.0
0.09809932556713673,1.0
0.09815950920245399,1.0
0.09821976672805402,1.0
0.09828009828009827,1.0
0.09834050399508297,1.0
0.0984009840098401,1.0
0.09846153846153846,1.0
0.09852216748768473,1.0
0.09858287122612445,1.0
0.09864364981504316,1.0
0.09870450339296731,1.0
0.09876543209876543,1.0
0.09882643607164916,1.0
0.09888751545117429,1.0
0.09894867037724181,1.0
0.09900990099009901,1.0
0.09907120743034056,1.0
0.09913258983890955,1.0
0.09919404835709858,1.0
0.09925558312655088,1.0
0.09931719428926133,1.0
0.09937888198757763,1.0
0.09944064636420137,1.0
0.09950248756218906,1.0
0.09956440572495333,1.0
0.099626400996264,1.0
0.09968847352024922,1.0
0.09975062344139651,1.0
0.09981285090455397,1.0
0.09987515605493133,1.0
0.09993753903810118,1.0
0.1,1.0
0.10006253908692933,1.0
0.10012515644555695,1.0
0.10018785222291797,1.0
0.10025062656641603,1.0
0.10031347962382445,1.0
0.10037641154328733,1.0
0.10043942247332077,1.0
0.10050251256281408,1.0
0.1005656819610308,1.0
0.10062893081761007,1.0
0.10069225928256766,1.0
0.10075566750629723,1.0
0.10081915563957151,1.0
0.1008827238335435,1.0
0.10094637223974763,1.0
0.10101010101010101,1.0
0.10107391029690461,1.0
0.1011378002528445,1.0
0.10056925996204934,0.99375
0.10063291139240506,0.99375
0.10069664344521849,0.99375
0.10076045627376426,0.99375
0.10082435003170577,0.99375
0.10088832487309644,0.99375
0.10095238095238095,0.99375
0.10101651842439645,0.99375
0.1010807374443738,0.99375
0.10114503816793893,0.99375
0.10120942075111394,0.99375
0.10127388535031848,0.99375
0.10133843212237094,0.99375
0.10140306122448979,0.99375
0.10146777281429484,0.99375
0.10153256704980843,0.99375
0.10159744408945687,0.99375
0.10166240409207161,0.99375
0.1017274472168906,0.99375
0.10179257362355953,0.99375
0.10185778347213324,0.99375
0.10192307692307692,0.99375
0.10198845413726748,0.99375
0.10205391527599486,0.99375
0.10211946050096339,0.99375
0.10218508997429306,0.99375
0.1022508038585209,0.99375
0.10231660231660232,0.99375
0.10238248551191242,0.99375
0.10244845360824742,0.99375
0.10251450676982592,0.99375
0.10258064516129033,0.99375
0.10264686894770819,0.99375
0.10271317829457365,0.99375
0.10277957336780866,0.99375
0.10284605433376455,0.99375
0.1029126213592233,0.99375
0.10297927461139897,0.99375
0.10304601425793908,0.99375
0.10311284046692606,0.99375
0.10317975340687865,0.99375
0.10324675324675325,0.99375
0.10331384015594541,0.99375
0.1033810143042913,0.99375
0.10344827586206896,0.99375
0.103515625,0.99375
0.10358306188925082,0.99375
0.10365058670143416,0.99375
0.10371819960861056,0.99375
0.10378590078328982,0.99375
0.1038536903984324,0.99375
0.10392156862745099,0.99375
0.1039895356442119,0.99375
0.10405759162303665,0.99375
0.10412573673870335,0.99375
0.10419397116644823,0.99375
0.10426229508196722,0.99375
0.10433070866141732,0.99375
0.10439921208141825,0.99375
0.10446780551905388,0.99375
0.10453648915187377,0.99375
0.10460526315789474,0.99375
0.10467412771560237,0.99375
0.10474308300395258,0.99375
0.10481212920237311,0.99375
0.10488126649076517,0.99375
0.10495049504950495,0.99375
0.10501981505944517,0.99375
0.10508922670191673,0.99375
0.10515873015873016,0.99375
0.10522832561217736,0.99375
0.10529801324503311,0.99375
0.10536779324055666,0.99375
0.10543766578249338,0.99375
0.10550763105507631,0.99375
0.10557768924302789,0.99375
0.10564784053156147,0.99375
0.10571808510638298,0.99375
0.10578842315369262,0.99375
0.10585885486018642,0.99375
0.10592938041305797,0.99375
0.10533333333333333,0.9875
0.10540360240160107,0.9875
0.1048064085447263,0.98125
0.10487641950567803,0.98125
0.10494652406417113,0.98125
0.10501672240802676,0.98125
0.10508701472556894,0.98125
0.10515740120562625,0.98125
0.10522788203753351,0.98125
0.10529845741113347,0.98125
0.10536912751677853,0.98125
0.10543989254533244,0.98125
0.10551075268817205,0.98125
0.10558170813718896,0.98125
0.10565275908479138,0.98125
0.10572390572390572,0.98125
0.10579514824797843,0.98125
0.10586648685097774,0.98125
0.10593792172739541,0.98125
0.10600945307224847,0.98125
0.10608108108108108,0.98125
0.10615280594996619,0.98125
0.10622462787550745,0.98125
0.10629654705484089,0.98125
0.10636856368563685,0.98125
0.1064406779661017,0.98125
0.10651289009497965,0.98125
0.10658520027155464,0.98125
0.10665760869565218,0.98125
0.10673011556764106,0.98125
0.10680272108843537,0.98125
0.10687542545949626,0.98125
0.10694822888283378,0.98125
0.10702113156100886,0.98125
0.10709413369713507,0.98125
0.10716723549488055,0.98125
0.10724043715846994,0.98125
0.10731373889268626,0.98125
0.10738714090287278,0.98125
0.10746064339493498,0.98125
0.10753424657534247,0.98125
0.10760795065113091,0.98125
0.10768175582990398,0.98125
0.10775566231983527,0.98125
0.10782967032967034,0.98125
0.10790378006872853,0.98125
0.10797799174690509,0.98125
0.10805230557467309,0.98125
0.1081267217630854,0.98125
0.1082012405237767,0.98125
0.10827586206896551,0.98125
0.10835058661145618,0.98125
0.10842541436464088,0.98125
0.10850034554250172,0.98125
0.10857538035961273,0.98125
0.10865051903114187,0.98125
0.10872576177285319,0.98125
0.1088011088011088,0.98125
0.108876560332871,0.98125
0.10895211658570438,0.98125
0.10902777777777778,0.98125
0.10910354412786658,0.98125
0.10917941585535466,0.98125
0.10925539318023661,0.98125
0.10933147632311978,0.98125
0.10940766550522649,0.98125
0.10948396094839609,0.98125
0.10956036287508723,0.98125
0.10963687150837989,0.98125
0.10971348707197764,0.98125
0.10979020979020979,0.98125
0.10986703988803359,0.98125
0.10994397759103641,0.98125
0.11002102312543798,0.98125
0.11009817671809256,0.98125
0.11017543859649123,0.98125
0.11025280898876405,0.98125
0.11033028812368235,0.98125
0.11040787623066103,0.98125
0.11048557353976073,0.98125
0.11056338028169015,0.98125
0.11064129668780831,0.98125
0.11071932299012693,0.98125
0.11079745942131264,0.98125
0.11087570621468927,0.98125
0.11095406360424029,0.98125
0.11103253182461104,0.98125
0.1111111111111111,0.98125
0.11118980169971672,0.98125
0.111268603827073,0.98125
0.11134751773049645,0.98125
0.11142654364797729,0.98125
0.11150568181818182,0.98125
0.11158493248045487,0.98125
0.11095305832147938,0.975
0.1110320284697509,0.975
0.1111111111111111,0.975
0.11119030648610122,0.975
0.11126961483594865,0.975
0.11134903640256959,0.975
0.11142857142857143,0.975
0.11150822015725519,0.975
0.11158798283261803,0.975
0.11166785969935576,0.975
0.11174785100286533,0.975
0.11182795698924732,0.975
0.11190817790530846,0.975
0.11198851399856424,0.975
0.11206896551724138,0.975
0.11214953271028037,0.975
0.11223021582733812,0.975
0.11231101511879049,0.975
0.11239193083573487,0.975
0.11247296322999278,0.975
0.11255411255411256,0.975
0.11263537906137185,0.975
0.11271676300578035,0.975
0.11279826464208242,0.975
0.11287988422575977,0.975
0.11223750905141203,0.96875
0.11231884057971014,0.96875
0.11240029006526468,0.96875
0.11248185776487664,0.96875
0.11256354393609296,0.96875
0.11264534883720931,0.96875
0.11272727272727273,0.96875
0.11280931586608442,0.96875
0.11289147851420248,0.96875
0.1129737609329446,0.96875
0.11305616338439095,0.96875
0.11313868613138686,0.96875
0.11322132943754565,0.96875
0.11330409356725146,0.96875
0.11338697878566203,0.96875
0.11346998535871157,0.96875
0.11355311355311355,0.96875
0.11363636363636363,0.96875
0.11371973587674249,0.96875
0.11380323054331865,0.96875
0.11388684790595151,0.96875
0.11397058823529412,0.96875
0.11405445180279618,0.96875
0.11413843888070692,0.96875
0.11422254974207811,0.96875
0.11430678466076696,0.96875
0.11439114391143912,0.96875
0.11447562776957164,0.96875
0.11456023651145603,0.96875
0.11464497041420119,0.96875
0.11472982975573649,0.96875
0.11481481481481481,0.96875
0.11489992587101557,0.96875
0.11498516320474778,0.96875
0.11507052709725316,0.96875
0.1151560178306092,0.96875
0.11524163568773234,0.96875
0.11532738095238096,0.96875
0.1154132539091586,0.96875
0.11549925484351714,0.96875
0.11558538404175989,0.96875
0.11567164179104478,0.96875
0.1157580283793876,0.96875
0.11584454409566518,0.96875
0.11593118922961855,0.96875
0.11601796407185629,0.96875
0.11610486891385768,0.96875
0.11619190404797601,0.96875
0.11627906976744186,0.96875
0.11636636636636637,0.96875
0.11645379413974455,0.96875
0.11654135338345864,0.96875
0.11662904439428141,0.96875
0.11671686746987951,0.96875
0.11680482290881689,0.96875
0.11689291101055807,0.96875
0.1169811320754717,0.96875
0.11706948640483383,0.96875
0.11715797430083144,0.96875
0.1172465960665658,0.96875
0.11733535200605602,0.96875
0.11742424242424243,0.96875
0.11751326762699014,0.96875
0.11760242792109256,0.96875
0.11769172361427487,0.96875
0.11778115501519756,0.96875
0.11787072243346007,0.96875
0.11796042617960426,0.96875
0.11805026656511805,0.96875
0.11814024390243902,0.96875
0.11823035850495804,0.96875
0.1183206106870229,0.96875
0.11841100076394194,0.96875
0.11850152905198777,0.96875
0.11859219586840092,0.96875
0.11868300153139356,0.96875
0.11877394636015326,0.96875
0.11886503067484662,0.96875
0.11895625479662318,0.96875
0.11904761904761904,0.96875
0.1191391237509608,0.96875
0.11923076923076924,0.96875
0.11932255581216321,0.96875
0.11941448382126348,0.96875
0.1195065535851966,0.96875
0.11959876543209877,0.96875
0.11969111969111969,0.96875
0.11978361669242658,0.96875
0.11987625676720805,0.96875
0.11996904024767802,0.96875
0.12006196746707978,0.96875
0.12015503875968993,0.96875
0.12024825446082234,0.96875
0.1203416149068323,0.96875
0.12043512043512043,0.96875
0.12052877138413685,0.96875
0.12062256809338522,0.96875
0.12071651090342679,0.96875
0.12081060015588464,0.96875
0.12090483619344773,0.96875
0.1209992193598751,0.96875
0.12109375,0.96875
0.12118842845973417,0.96875
0.12128325508607199,0.96875
0.12137823022709475,0.96875
0.12147335423197492,0.96875
0.12156862745098039,0.96875
0.12166405023547881,0.96875
0.12175962293794187,0.96875
0.12185534591194969,0.96875
0.12195121951219512,0.96875
0.1220472440944882,0.96875
0.12214342001576044,0.96875
0.1222397476340694,0.96875
0.122336227308603,0.96875
0.12243285939968404,0.96875
0.1225296442687747,0.96875
0.12262658227848101,0.96875
0.1227236737925574,0.96875
0.12282091917591126,0.96875
0.12291831879460745,0.96875
0.12301587301587301,0.96875
0.12311358220810167,0.96875
0.1232114467408585,0.96875
0.12330946698488465,0.96875
0.12340764331210191,0.96875
0.12350597609561753,0.96875
0.12360446570972887,0.96875
0.12370311252992817,0.96875
0.12380191693290735,0.96875
0.12310151878497202,0.9625
0.1232,0.9625
0.1232986389111289,0.9625
0.1233974358974359,0.9625
0.12349639133921411,0.9625
0.12359550561797752,0.9625
0.12369477911646587,0.9625
0.12379421221864952,0.9625
0.12389380530973451,0.9625
0.12399355877616747,0.9625
0.12409347300564061,0.9625
0.12419354838709677,0.9625
0.12429378531073447,0.9625
0.12439418416801293,0.9625
0.12449474535165723,0.9625
0.12378640776699029,0.95625
0.12388663967611337,0.95625
0.1239870340356564,0.95625
0.12408759124087591,0.95625
0.1241883116883117,0.95625
0.12428919577579203,0.95625
0.12439024390243902,0.95625
0.12449145646867373,0.95625
0.1245928338762215,0.95625
0.12469437652811736,0.95625
0.12479608482871125,0.95625
0.12489795918367347,0.95625
0.125,0.95625
0.12510220768601799,0.95625
0.12520458265139117,0.95625
0.12530712530712532,0.95625
0.12540983606557377,0.95625
0.12551271534044298,0.95625
0.12561576354679804,0.95625
0.1257189811010682,0.95625
0.12582236842105263,0.95625
0.1259259259259259,0.95625
0.12602965403624383,0.95625
0.1261335531739489,0.95625
0.12623762376237624,0.95625
0.1263418662262593,0.95625
0.12644628099173555,0.95625
0.12655086848635236,0.95625
0.12665562913907286,0.95625
0.1267605633802817,0.95625
0.12686567164179105,0.95625
0.12697095435684647,0.95625
0.1270764119601329,0.95625
0.12718204488778054,0.95625
0.12728785357737105,0.95625
0.1273938384679434,0.95625
0.1275,0.95625
0.12760633861551293,0.95625
0.12771285475792987,0.95625
0.12781954887218044,0.95625
0.12792642140468227,0.95625
0.1280334728033473,0.95625
0.12814070351758794,0.95625
0.12824811399832356,0.95625
0.12835570469798657,0.95625
0.12846347607052896,0.95625
0.12857142857142856,0.95625
0.12867956265769553,0.95625
0.12878787878787878,0.95625
0.12889637742207244,0.95625
0.12900505902192244,0.95625
0.1291139240506329,0.95625
0.12922297297297297,0.95625
0.1293322062552832,0.95625
0.12944162436548223,0.95625
0.12955122777307368,0.95625
0.12966101694915255,0.95625
0.1297709923664122,0.95625
0.1298811544991511,0.95625
0.12999150382327954,0.95625
0.13010204081632654,0.95625
0.1302127659574468,0.95625
0.1303236797274276,0.95625
0.13043478260869565,0.95625
0.13054607508532423,0.95625
0.13065755764304013,0.95625
0.13076923076923078,0.95625
0.13088109495295125,0.95625
0.1309931506849315,0.95625
0.13110539845758354,0.95625
0.1312178387650086,0.95625
0.1313304721030043,0.95625
0.13144329896907217,0.95625
0.13155631986242478,0.95625
0.1316695352839931,0.95625
0.13178294573643412,0.95625
0.13189655172413794,0.95625
0.13201035375323555,0.95625
0.13212435233160622,0.95625
0.13223854796888504,0.95625
0.1323529411764706,0.95625
0.13246753246753246,0.95625
0.13258232235701906,0.95625
0.1326973113616652,0.95625
0.1328125,0.95625
0.13292788879235448,0.95625
0.13304347826086957,0.95625
0.13315926892950392,0.95625
0.1332752613240418,0.95625
0.13339145597210114,0.95625
0.13350785340314136,0.95625
0.13362445414847163,0.95625
0.13374125874125875,0.95625
0.13385826771653545,0.95625
0.1339754816112084,0.95625
0.13409290096406662,0.95625
0.13421052631578947,0.95625
0.13432835820895522,0.95625
0.1344463971880492,0.95625
0.1345646437994723,0.95625
0.13468309859154928,0.95625
0.13480176211453745,0.95625
0.1349206349206349,0.95625
0.13503971756398941,0.95625
0.1351590106007067,0.95625
0.13527851458885942,0.95625
0.13539823008849558,0.95625
0.1355181576616475,0.95625
0.1356382978723404,0.95625
0.13575865128660158,0.95625
0.13587921847246892,0.95625
0.136,0.95625
0.13612099644128114,0.95625
0.13624220837043632,0.95625
0.13636363636363635,0.95625
0.13648528099910795,0.95625
0.13660714285714284,0.95625
0.13672922252010725,0.95625
0.1368515205724508,0.95625
0.1369740376007162,0.95625
0.13709677419354838,0.95625
0.13721973094170403,0.95625
0.13734290843806105,0.95625
0.13746630727762804,0.95625
0.13758992805755396,0.95625
0.13771377137713772,0.95625
0.13783783783783785,0.95625
0.13796212804328223,0.95625
0.13808664259927797,0.95625
0.13821138211382114,0.95625
0.1383363471971067,0.95625
0.13846153846153847,0.95625
0.13858695652173914,0.95625
0.1387126019945603,0.95625
0.13883847549909256,0.95625
0.13896457765667575,0.95625
0.1390909090909091,0.95625
0.1392174704276615,0.95625
0.13934426229508196,0.95625
0.13947128532360983,0.95625
0.1395985401459854,0.95625
0.13972602739726028,0.95625
0.13985374771480805,0.95625
0.13998170173833485,0.95625
0.1401098901098901,0.95625
0.14023831347387716,0.95625
0.14036697247706423,0.95625
0.14049586776859505,0.95625
0.140625,0.95625
0.140754369825207,0.95625
0.1408839779005525,0.95625
0.14101382488479264,0.95625
0.1411439114391144,0.95625
0.14127423822714683,0.95625
0.1414048059149723,0.95625
0.14153561517113783,0.95625
0.14166666666666666,0.95625
0.1417979610750695,0.95625
0.14192949907235622,0.95625
0.14206128133704735,0.95625
0.1421933085501859,0.95625
0.14232558139534884,0.95625
0.1424581005586592,0.95625
0.14259086672879775,0.95625
0.14272388059701493,0.95625
0.14285714285714285,0.95625
0.14299065420560747,0.95625
0.1431244153414406,0.95625
0.14325842696629212,0.95625
0.14339268978444236,0.95625
0.14352720450281425,0.95625
0.14366197183098592,0.95625
0.143796992481203,0.95625
0.14393226716839136,0.95625
0.1440677966101695,0.95625
0.14420358152686144,0.95625
0.14433962264150943,0.95625
0.14447592067988668,0.95625
0.1446124763705104,0.95625
0.14474929044465468,0.95625
0.14488636363636365,0.95625
0.14502369668246445,0.95625
0.14516129032258066,0.95625
0.1452991452991453,0.95625
0.14543726235741444,0.95625
0.1455756422454805,0.95625
0.1457142857142857,0.95625
0.14585319351763584,0.95625
0.14599236641221375,0.95625
0.14613180515759314,0.95625
0.1462715105162524,0.95625
0.14641148325358852,0.95625
0.14655172413793102,0.95625
0.14669223394055608,0.95625
0.14683301343570057,0.95625
0.14697406340057637,0.95625
0.14711538461538462,0.95625
0.1472569778633301,0.95625
0.14739884393063585,0.95625
0.14754098360655737,0.95625
0.1476833976833977,0.95625
0.14782608695652175,0.95625
0.14796905222437137,0.95625
0.14811229428848016,0.95625
0.14825581395348839,0.95625
0.1483996120271581,0.95625
0.14854368932038836,0.95625
0.14868804664723032,0.95625
0.14883268482490272,0.95625
0.14897760467380722,0.95625
0.14912280701754385,0.95625
0.14926829268292682,0.95625
0.1494140625,0.95625
0.1495601173020528,0.95625
0.149706457925636,0.95625
0.14985308521057786,0.95625
0.15,0.95625
0.15014720314033367,0.95625
0.15029469548133595,0.95625
0.1504424778761062,0.95625
0.15059055118110237,0.95625
0.15073891625615762,0.95625
0.15088757396449703,0.95625
0.1510365251727542,0.95625
0.15118577075098813,0.95625
0.1503461918892186,0.95
0.1504950495049505,0.95
0.1506442021803766,0.95
0.15079365079365079,0.95
0.1509433962264151,0.95
0.15109343936381708,0.95
0.15124378109452735,0.95
0.15139442231075698,0.95
0.15154536390827517,0.95
0.15169660678642716,0.95
0.15184815184815184,0.95
0.152,0.95
0.15215215215215216,0.95
0.1523046092184369,0.95
0.15245737211634905,0.95
0.15261044176706828,0.95
0.1527638190954774,0.95
0.1529175050301811,0.95
0.15307150050352467,0.95
0.1532258064516129,0.95
0.15338042381432895,0.95
0.15353535353535352,0.95
0.15369059656218403,0.95
0.15384615384615385,0.95
0.1540020263424519,0.95
0.15415821501014199,0.95
0.15431472081218275,0.95
0.15447154471544716,0.95
0.15462868769074262,0.95
0.15478615071283094,0.95
0.15494393476044852,0.95
0.15510204081632653,0.95
0.15526046986721145,0.95
0.1554192229038855,0.95
0.1555783009211873,0.95
0.1557377049180328,0.95
0.1558974358974359,0.95
0.15605749486652978,0.95
0.15621788283658788,0.95
0.15637860082304528,0.95
0.15653964984552007,0.95
0.15670103092783505,0.95
0.1568627450980392,0.95
0.15702479338842976,0.95
0.15718717683557393,0.95
0.15734989648033126,0.95
0.15751295336787566,0.95
0.15767634854771784,0.95
0.15784008307372793,0.95
0.158004158004158,0.95
0.15816857440166493,0.95
0.15833333333333333,0.95
0.15849843587069865,0.95
0.15866388308977036,0.95
0.1588296760710554,0.95
0.1589958158995816,0.95
0.15916230366492146,0.95
0.15932914046121593,0.95
0.15949632738719832,0.95
0.15966386554621848,0.95
0.1598317560462671,0.95
0.16,0.95
0.1601685985247629,0.95
0.16033755274261605,0.95
0.16050686378035903,0.95
0.160676532769556,0.95
0.16084656084656085,0.95
0.16101694915254236,0.95
0.16118769883351008,0.95
0.1613588110403397,0.95
0.16153028692879914,0.95
0.16170212765957448,0.95
0.16187433439829607,0.95
0.16204690831556504,0.95
0.1622198505869797,0.95
0.1623931623931624,0.95
0.1625668449197861,0.95
0.16274089935760172,0.95
0.16291532690246516,0.95
0.1630901287553648,0.95
0.16326530612244897,0.95
0.16344086021505377,0.95
0.16361679224973089,0.95
0.16379310344827586,0.95
0.16396979503775622,0.95
0.16414686825053995,0.95
0.1643243243243243,0.95
0.1645021645021645,0.95
0.1646803900325027,0.95
0.1648590021691974,0.95
0.16503800217155265,0.95
0.16521739130434782,0.95
0.16539717083786726,0.95
0.1655773420479303,0.95
0.16466739367502725,0.94375
0.1648471615720524,0.94375
0.1650273224043716,0.94375
0.1652078774617068,0.94375
0.16538882803943045,0.94375
0.16557017543859648,0.94375
0.16575192096597147,0.94375
0.16593406593406593,0.94375
0.16611661166116612,0.94375
0.16629955947136563,0.94375
0.16648291069459759,0.94375
0.16666666666666666,0.94375
0.16685082872928178,0.94375
0.1670353982300885,0.94375
0.1672203765227021,0.94375
0.1674057649667406,0.94375
0.16759156492785793,0.94375
0.16777777777777778,0.94375
0.16796440489432704,0.94375
0.16815144766146994,0.94375
0.16833890746934224,0.94375
0.16852678571428573,0.94375
0.16871508379888267,0.94375
0.16890380313199105,0.94375
0.1690929451287794,0.94375
0.16928251121076232,0.94375
0.16947250280583614,0.94375
0.1696629213483146,0.94375
0.16985376827896512,0.94375
0.17004504504504506,0.94375
0.17023675310033823,0.94375
0.17042889390519186,0.94375
0.17062146892655367,0.94375
0.17081447963800905,0.94375
0.1710079275198188,0.94375
0.1712018140589569,0.94375
0.1713961407491487,0.94375
0.1715909090909091,0.94375
0.17178612059158135,0.94375
0.17198177676537585,0.94375
0.17217787913340935,0.94375
0.1723744292237443,0.94375
0.17257142857142857,0.94375
0.17276887871853547,0.94375
0.1729667812142039,0.94375
0.1731651376146789,0.94375
0.17336394948335246,0.94375
0.1735632183908046,0.94375
0.17376294591484465,0.94375
0.173963133640553,0.94375
0.17416378316032297,0.94375
0.17436489607390301,0.94375
0.1745664739884393,0.94375
0.17476851851851852,0.94375
0.1749710312862109,0.94375
0.1751740139211137,0.94375
0.1753774680603949,0.94375
0.1755813953488372,0.94375
0.17578579743888242,0.94375
0.175990675990676,0.94375
0.176196032672112,0.94375
0.1764018691588785,0.94375
0.17660818713450294,0.94375
0.17681498829039813,0.94375
0.17702227432590856,0.94375
0.1772300469483568,0.94375
0.17743830787309048,0.94375
0.1776470588235294,0.94375
0.17785630153121318,0.94375
0.17806603773584906,0.94375
0.1782762691853601,0.94375
0.17848699763593381,0.94375
0.178698224852071,0.94375
0.17890995260663506,0.94375
0.17912218268090155,0.94375
0.17933491686460806,0.94375
0.17954815695600476,0.94375
0.17976190476190476,0.94375
0.1799761620977354,0.94375
0.1801909307875895,0.94375
0.18040621266427717,0.94375
0.180622009569378,0.94375
0.18083832335329342,0.94375
0.18105515587529977,0.94375
0.18127250900360145,0.94375
0.1814903846153846,0.94375
0.18170878459687123,0.94375
0.1819277108433735,0.94375
0.18214716525934863,0.94375
0.1823671497584541,0.94375
0.1825876662636034,0.94375
0.18280871670702178,0.94375
0.18303030303030304,0.94375
0.18325242718446602,0.94375
0.18347509113001215,0.94375
0.18369829683698297,0.94375
0.18392204628501826,0.94375
0.18414634146341463,0.94375
0.18437118437118438,0.94375
0.1845965770171149,0.94375
0.18482252141982863,0.94375
0.18504901960784315,0.94375
0.18527607361963191,0.94375
0.1855036855036855,0.94375
0.1857318573185732,0.94375
0.18596059113300492,0.94375
0.18618988902589395,0.94375
0.18641975308641975,0.94375
0.18665018541409148,0.94375
0.18688118811881188,0.94375
0.18711276332094176,0.94375
0.18734491315136476,0.94375
0.18757763975155278,0.94375
0.18781094527363185,0.94375
0.18804483188044832,0.94375
0.1882793017456359,0.94375
0.18851435705368288,0.94375
0.18875,0.94375
0.18898623279098872,0.94375
0.18922305764411027,0.94375
0.18946047678795483,0.94375
0.18969849246231155,0.94375
0.189937106918239,0.94375
0.190176322418136,0.94375
0.19041614123581338,0.94375
0.19065656565656566,0.94375
0.19089759797724398,0.94375
0.1911392405063291,0.94375
0.19138149556400508,0.94375
0.1916243654822335,0.94375
0.19186785260482847,0.94375
0.1921119592875318,0.94375
0.19235668789808918,0.94375
0.19260204081632654,0.94375
0.19284802043422733,0.94375
0.19309462915601022,0.94375
0.19334186939820744,0.94375
0.19230769230769232,0.9375
0.1925545571245186,0.9375
0.1928020565552699,0.9375
0.19305019305019305,0.9375
0.19329896907216496,0.9375
0.1935483870967742,0.9375
0.1937984496124031,0.9375
0.19404915912031048,0.9375
0.19430051813471502,0.9375
0.19455252918287938,0.9375
0.19480519480519481,0.9375
0.19505851755526657,0.9375
0.1953125,0.9375
0.19426336375488917,0.93125
0.19451697127937337,0.93125
0.19477124183006536,0.93125
0.1950261780104712,0.93125
0.19528178243774574,0.93125
0.19553805774278216,0.93125
0.19579500657030224,0.93125
0.19605263157894737,0.93125
0.1963109354413702,0.93125
0.19525065963060687,0.925
0.1955085865257596,0.925
0.19576719576719576,0.925
0.19602649006622516,0.925
0.1962864721485411,0.925
0.19654714475431606,0.925
0.19680851063829788,0.925
0.1970705725699068,0.925
0.19733333333333333,0.925
0.19759679572763686,0.925
0.19786096256684493,0.925
0.19812583668005354,0.925
0.19839142091152814,0.925
0.19865771812080538,0.925
0.1989247311827957,0.925
0.19919246298788695,0.925
0.19946091644204852,0.925
0.19973009446693657,0.925
0.2,0.925
0.20027063599458728,0.925
0.2005420054200542,0.925
0.1994572591587517,0.91875
0.19972826086956522,0.91875
0.2,0.91875
0.20027247956403268,0.91875
0.20054570259208732,0.91875
0.20081967213114754,0.91875
0.20109439124487005,0.91875
0.2,0.9125
0.20027434842249658,0.9125
0.20054945054945056,0.9125
0.20082530949105915,0.9125
0.20110192837465565,0.9125
0.2013793103448276,0.9125
0.20165745856353592,0.9125
0.20193637621023514,0.9125
0.20221606648199447,0.9125
0.20249653259361997,0.9125
0.20277777777777778,0.9125
0.20305980528511822,0.9125
0.20334261838440112,0.9125
0.20362622036262204,0.9125
0.20391061452513967,0.9125
0.2041958041958042,0.9125
0.20448179271708683,0.9125
0.20476858345021037,0.9125
0.2050561797752809,0.9125
0.20534458509142053,0.9125
0.2056338028169014,0.9125
0.2059238363892807,0.9125
0.2062146892655367,0.9125
0.2065063649222065,0.9125
0.20679886685552407,0.9125
0.20709219858156028,0.9125
0.20738636363636365,0.9125
0.20768136557610242,0.9125
0.20797720797720798,0.9125
0.20827389443651925,0.9125
0.20857142857142857,0.9125
0.2088698140200286,0.9125
0.20916905444126074,0.9125
0.20946915351506457,0.9125
0.20977011494252873,0.9125
0.21007194244604316,0.9125
0.21037463976945245,0.9125
0.2106782106782107,0.9125
0.21098265895953758,0.9125
0.21128798842257598,0.9125
0.21159420289855072,0.9125
0.21190130624092887,0.9125
0.21220930232558138,0.9125
0.21251819505094613,0.9125
0.21282798833819241,0.9125
0.21313868613138687,0.9125
0.2134502923976608,0.9125
0.21376281112737922,0.9125
0.21407624633431085,0.9125
0.2143906020558003,0.9125
0.21470588235294116,0.9125
0.21502209131075112,0.9125
0.2153392330383481,0.9125
0.21565731166912852,0.9125
0.21597633136094674,0.9125
0.2162962962962963,0.9125
0.2166172106824926,0.9125
0.21693907875185736,0.9125
0.21726190476190477,0.9125
0.21758569299552907,0.9125
0.21791044776119403,0.9125
0.21823617339312407,0.9125
0.218562874251497,0.9125
0.21889055472263869,0.9125
0.21921921921921922,0.9125
0.21954887218045113,0.9125
0.21987951807228914,0.9125
0.22021116138763197,0.9125
0.22054380664652568,0.9125
0.22087745839636913,0.9125
0.22121212121212122,0.9125
0.22154779969650987,0.9125
0.22188449848024316,0.9125
0.2222222222222222,0.9125
0.2225609756097561,0.9125
0.22290076335877862,0.9125
0.22324159021406728,0.9125
0.22358346094946402,0.9125
0.22392638036809817,0.9125
0.22427035330261136,0.9125
0.2246153846153846,0.9125
0.22496147919876733,0.9125
0.22530864197530864,0.9125
0.22565687789799072,0.9125
0.2260061919504644,0.9125
0.22635658914728682,0.9125
0.2267080745341615,0.9125
0.22706065318818042,0.9125
0.22741433021806853,0.9125
0.22776911076443057,0.9125
0.228125,0.9125
0.22848200312989045,0.9125
0.22884012539184953,0.9125
0.22919937205651492,0.9125
0.22955974842767296,0.9125
0.22992125984251968,0.9125
0.2302839116719243,0.9125
0.23064770932069512,0.9125
0.2310126582278481,0.9125
0.23137876386687797,0.9125
0.23015873015873015,0.90625
0.23052464228934816,0.90625
0.23089171974522293,0.90625
0.23125996810207336,0.90625
0.23162939297124602,0.90625
0.232,0.90625
0.23237179487179488,0.90625
0.23274478330658105,0.90625
0.23311897106109325,0.90625
0.23349436392914655,0.90625
0.23387096774193547,0.90625
0.23424878836833601,0.90625
0.23462783171521034,0.90625
0.23500810372771475,0.90625
0.2353896103896104,0.90625
0.23577235772357724,0.90625
0.23615635179153094,0.90625
0.2365415986949429,0.90625
0.2369281045751634,0.90625
0.23731587561374795,0.90625
0.23770491803278687,0.90625
0.23645320197044334,0.9
0.23684210526315788,0.9
0.2372322899505766,0.9
0.2376237623762376,0.9
0.23801652892561984,0.9
0.23841059602649006,0.9
0.23880597014925373,0.9
0.23920265780730898,0.9
0.23960066555740434,0.9
0.24,0.9
0.24040066777963273,0.9
0.2408026755852843,0.9
0.24120603015075376,0.9
0.24161073825503357,0.9
0.24201680672268908,0.9
0.24242424242424243,0.9
0.24283305227655985,0.9
0.24324324324324326,0.9
0.2436548223350254,0.9
0.2440677966101695,0.9
0.24448217317487267,0.9
0.24489795918367346,0.9
0.2453151618398637,0.9
0.24573378839590443,0.9
0.24615384615384617,0.9
0.2465753424657534,0.9
0.2469982847341338,0.9
0.24742268041237114,0.9
0.24784853700516352,0.9
0.2482758620689655,0.9
0.24870466321243523,0.9
0.2491349480968858,0.9
0.24956672443674177,0.9
0.25,0.9
0.25043478260869567,0.9
0.2508710801393728,0.9
0.2513089005235602,0.9
0.2517482517482518,0.9
0.2521891418563923,0.9
0.25263157894736843,0.9
0.2530755711775044,0.9
0.2517605633802817,0.89375
0.25220458553791886,0.89375
0.25265017667844525,0.89375
0.25309734513274335,0.89375
0.25354609929078015,0.89375
0.2539964476021314,0.89375
0.25444839857651247,0.89375
0.2549019607843137,0.89375
0.25535714285714284,0.89375
0.2558139534883721,0.89375
0.25627240143369173,0.89375
0.25673249551166966,0.89375
0.25719424460431656,0.89375
0.25765765765765763,0.89375
0.2581227436823105,0.89375
0.2585895117540687,0.89375
0.25905797101449274,0.89375
0.2595281306715064,0.89375
0.26,0.89375
0.2604735883424408,0.89375
0.26094890510948904,0.89375
0.26142595978062155,0.89375
0.2619047619047619,0.89375
0.26238532110091745,0.89375
0.26286764705882354,0.89375
0.26335174953959484,0.89375
0.26383763837638374,0.89375
0.2643253234750462,0.89375
0.26481481481481484,0.89375
0.2653061224489796,0.89375
0.26579925650557623,0.89375
0.26629422718808193,0.89375
0.2667910447761194,0.89375
0.2672897196261682,0.89375
0.26779026217228463,0.89375
0.2682926829268293,0.89375
0.26879699248120303,0.89375
0.2693032015065913,0.89375
0.269811320754717,0.89375
0.27032136105860116,0.89375
0.2708333333333333,0.89375
0.2713472485768501,0.89375
0.2718631178707224,0.89375
0.2723809523809524,0.89375
0.27099236641221375,0.8875
0.27151051625239003,0.8875
0.2720306513409962,0.8875
0.272552783109405,0.8875
0.27307692307692305,0.8875
0.27360308285163776,0.8875
0.27413127413127414,0.8875
0.2727272727272727,0.88125
0.27325581395348836,0.88125
0.2737864077669903,0.88125
0.27431906614785995,0.88125
0.27485380116959063,0.88125
0.275390625,0.88125
0.2759295499021526,0.88125
0.27647058823529413,0.88125
0.2770137524557957,0.88125
0.27755905511811024,0.88125
0.2781065088757396,0.88125
0.27865612648221344,0.88125
0.27920792079207923,0.88125
0.2777777777777778,0.875
0.2783300198807157,0.875
0.2788844621513944,0.875
0.2774451097804391,0.86875
0.278,0.86875
0.2785571142284569,0.86875
0.2791164658634538,0.86875
0.2796780684104628,0.86875
0.28024193548387094,0.86875
0.2808080808080808,0.86875
0.2813765182186235,0.86875
0.281947261663286,0.86875
0.28252032520325204,0.86875
0.2830957230142566,0.86875
0.2836734693877551,0.86875
0.2842535787321063,0.86875
0.2848360655737705,0.86875
0.28542094455852157,0.86875
0.28600823045267487,0.86875
0.2865979381443299,0.86875
0.2871900826446281,0.86875
0.28778467908902694,0.86875
0.2883817427385892,0.86875
0.288981288981289,0.86875
0.28958333333333336,0.86875
0.29018789144050106,0.86875
0.2907949790794979,0.86875
0.2914046121593291,0.86875
0.2920168067226891,0.86875
0.2926315789473684,0.86875
0.29324894514767935,0.86875
0.2938689217758985,0.86875
0.2923728813559322,0.8625
0.2929936305732484,0.8625
0.2936170212765957,0.8625
0.2942430703624733,0.8625
0.2948717948717949,0.8625
0.2955032119914347,0.8625
0.296137339055794,0.8625
0.2967741935483871,0.8625
0.2974137931034483,0.8625
0.2980561555075594,0.8625
0.2987012987012987,0.8625
0.2993492407809111,0.8625
0.3,0.8625
0.3006535947712418,0.8625
0.29912663755458513,0.85625
0.29978118161925604,0.85625
0.30043859649122806,0.85625
0.3010989010989011,0.85625
0.30176211453744495,0.85625
0.30242825607064017,0.85625
0.3030973451327434,0.85625
0.30376940133037694,0.85625
0.30444444444444446,0.85625
0.3051224944320713,0.85625
0.30580357142857145,0.85625
0.30648769574944074,0.85625
0.3071748878923767,0.85625
0.30786516853932583,0.85625
0.3063063063063063,0.85
0.30699774266365687,0.85
0.3076923076923077,0.85
0.30839002267573695,0.85
0.3090909090909091,0.85
0.3097949886104784,0.85
0.3105022831050228,0.85
0.3112128146453089,0.85
0.3119266055045872,0.85
0.31264367816091954,0.85
0.31336405529953915,0.85
0.3140877598152425,0.85
0.3148148148148148,0.85
0.31554524361948955,0.85
0.31627906976744186,0.85
0.317016317016317,0.85
0.3177570093457944,0.85
0.3185011709601874,0.85
0.3192488262910798,0.85
0.32,0.85
0.32075471698113206,0.85
0.3215130023640662,0.85
0.3222748815165877,0.85
0.32066508313539194,0.84375
0.32142857142857145,0.84375
0.3221957040572792,0.84375
0.3229665071770335,0.84375
0.3237410071942446,0.84375
0.3245192307692308,0.84375
0.3253012048192771,0.84375
0.32608695652173914,0.84375
0.3268765133171913,0.84375
0.3276699029126214,0.84375
0.3284671532846715,0.84375
0.32926829268292684,0.84375
0.33007334963325186,0.84375
0.33088235294117646,0.84375
0.3316953316953317,0.84375
0.33251231527093594,0.84375
0.3333333333333333,0.84375
0.3341584158415842,0.84375
0.3349875930521092,0.84375
0.3358208955223881,0.84375
0.33665835411471323,0.84375
0.3375,0.84375
0.3383458646616541,0.84375
0.3391959798994975,0.84375
0.34005037783375314,0.84375
0.3409090909090909,0.84375
0.34177215189873417,0.84375
0.3426395939086294,0.84375
0.3435114503816794,0.84375
0.34438775510204084,0.84375
0.3452685421994885,0.84375
0.34615384615384615,0.84375
0.34704370179948585,0.84375
0.3479381443298969,0.84375
0.3488372093023256,0.84375
0.34974093264248707,0.84375
0.35064935064935066,0.84375
0.3515625,0.84375
0.3524804177545692,0.84375
0.35340314136125656,0.84375
0.3543307086614173,0.84375
0.35526315789473684,0.84375
0.3562005277044855,0.84375
0.35714285714285715,0.84375
0.35809018567639256,0.84375
0.35904255319148937,0.84375
0.36,0.84375
0.3609625668449198,0.84375
0.36193029490616624,0.84375
0.3629032258064516,0.84375
0.3638814016172507,0.84375
0.36486486486486486,0.84375
0.36585365853658536,0.84375
0.36684782608695654,0.84375
0.3678474114441417,0.84375
0.36885245901639346,0.84375
0.3698630136986301,0.84375
0.3708791208791209,0.84375
0.371900826446281,0.84375
0.3729281767955801,0.84375
0.3739612188365651,0.84375
0.375,0.84375
0.37604456824512533,0.84375
0.3770949720670391,0.84375
0.37815126050420167,0.84375
0.3792134831460674,0.84375
0.38028169014084506,0.84375
0.3813559322033898,0.84375
0.38243626062322944,0.84375
0.3835227272727273,0.84375
0.38461538461538464,0.84375
0.38285714285714284,0.8375
0.3839541547277937,0.8375
0.3850574712643678,0.8375
0.3861671469740634,0.8375
0.3872832369942196,0.8375
0.3884057971014493,0.8375
0.3866279069767442,0.83125
0.3877551020408163,0.83125
0.38596491228070173,0.825
0.3870967741935484,0.825
0.38823529411764707,0.825
0.3893805309734513,0.825
0.3905325443786982,0.825
0.3916913946587537,0.825
0.39285714285714285,0.825
0.3940298507462687,0.825
0.39520958083832336,0.825
0.3963963963963964,0.825
0.39759036144578314,0.825
0.3987915407854985,0.825
0.4,0.825
0.4012158054711246,0.825
0.4024390243902439,0.825
0.4036697247706422,0.825
0.4049079754601227,0.825
0.40615384615384614,0.825
0.4074074074074074,0.825
0.4086687306501548,0.825
0.40993788819875776,0.825
0.411214953271028,0.825
0.4125,0.825
0.4106583072100313,0.81875
0.4119496855345912,0.81875
0.41324921135646686,0.81875
0.41455696202531644,0.81875
0.4158730158730159,0.81875
0.4171974522292994,0.81875
0.4185303514376997,0.81875
0.4198717948717949,0.81875
0.4212218649517685,0.81875
0.42258064516129035,0.81875
0.42394822006472493,0.81875
0.4253246753246753,0.81875
0.4234527687296417,0.8125
0.42483660130718953,0.8125
0.4262295081967213,0.8125
0.4276315789473684,0.8125
0.429042904290429,0.8125
0.4304635761589404,0.8125
0.4318936877076412,0.8125
0.43333333333333335,0.8125
0.43478260869565216,0.8125
0.436241610738255,0.8125
0.4377104377104377,0.8125
0.4391891891891892,0.8125
0.4406779661016949,0.8125
0.4421768707482993,0.8125
0.4402730375426621,0.80625
0.4417808219178082,0.80625
0.44329896907216493,0.80625
0.44482758620689655,0.80625
0.4463667820069204,0.80625
0.4479166666666667,0.80625
0.44947735191637633,0.80625
0.45104895104895104,0.80625
0.45263157894736844,0.80625
0.45422535211267606,0.80625
0.4558303886925795,0.80625
0.4574468085106383,0.80625
0.45907473309608543,0.80625
0.4607142857142857,0.80625
0.46236559139784944,0.80625
0.46402877697841727,0.80625
0.4657039711191336,0.80625
0.4673913043478261,0.80625
0.4690909090909091,0.80625
0.4708029197080292,0.80625
0.4725274725274725,0.80625
0.4742647058823529,0.80625
0.47601476014760147,0.80625
0.4777777777777778,0.80625
0.4795539033457249,0.80625
0.48134328358208955,0.80625
0.48314606741573035,0.80625
0.4849624060150376,0.80625
0.4867924528301887,0.80625
0.48863636363636365,0.80625
0.49049429657794674,0.80625
0.49236641221374045,0.80625
0.4942528735632184,0.80625
0.49615384615384617,0.80625
0.4980694980694981,0.80625
0.5,0.80625
0.5019455252918288,0.80625
0.50390625,0.80625
0.5058823529411764,0.80625
0.5078740157480315,0.80625
0.5098814229249012,0.80625
0.5119047619047619,0.80625
0.5139442231075697,0.80625
0.516,0.80625
0.5180722891566265,0.80625
0.5201612903225806,0.80625
0.5222672064777328,0.80625
0.524390243902439,0.80625
0.5265306122448979,0.80625
0.5286885245901639,0.80625
0.5308641975308642,0.80625
0.5330578512396694,0.80625
0.5352697095435685,0.80625
0.5375,0.80625
0.5397489539748954,0.80625
0.542016806722689,0.80625
0.5443037974683544,0.80625
0.5466101694915254,0.80625
0.548936170212766,0.80625
0.5512820512820513,0.80625
0.5493562231759657,0.8
0.5517241379310345,0.8
0.5541125541125541,0.8
0.5565217391304348,0.8
0.5589519650655022,0.8
0.5614035087719298,0.8
0.5638766519823789,0.8
0.5663716814159292,0.8
0.5688888888888889,0.8
0.5714285714285714,0.8
0.5739910313901345,0.8
0.5720720720720721,0.79375
0.5746606334841629,0.79375
0.5772727272727273,0.79375
0.5799086757990868,0.79375
0.5825688073394495,0.79375
0.5852534562211982,0.79375
0.5879629629629629,0.79375
0.5906976744186047,0.79375
0.5934579439252337,0.79375
0.596244131455399,0.79375
0.5990566037735849,0.79375
0.6018957345971564,0.79375
0.6047619047619047,0.79375
0.6076555023923444,0.79375
0.6105769230769231,0.79375
0.6135265700483091,0.79375
0.616504854368932,0.79375
0.6195121951219512,0.79375
0.6225490196078431,0.79375
0.625615763546798,0.79375
0.6287128712871287,0.79375
0.6318407960199005,0.79375
0.635,0.79375
0.6381909547738693,0.79375
0.6414141414141414,0.79375
0.6446700507614214,0.79375
0.6428571428571429,0.7875
0.6461538461538462,0.7875
0.6494845360824743,0.7875
0.6528497409326425,0.7875
0.65625,0.7875
0.6596858638743456,0.7875
0.6631578947368421,0.7875
0.6666666666666666,0.7875
0.6702127659574468,0.7875
0.6737967914438503,0.7875
0.6774193548387096,0.7875
0.6810810810810811,0.7875
0.6847826086956522,0.7875
0.6830601092896175,0.78125
0.6868131868131868,0.78125
0.6906077348066298,0.78125
0.6944444444444444,0.78125
0.6983240223463687,0.78125
0.702247191011236,0.78125
0.7005649717514124,0.775
0.7045454545454546,0.775
0.7085714285714285,0.775
0.7126436781609196,0.775
0.7167630057803468,0.775
0.7209302325581395,0.775
0.7251461988304093,0.775
0.7294117647058823,0.775
0.7337278106508875,0.775
0.7380952380952381,0.775
0.7425149700598802,0.775
0.7469879518072289,0.775
0.7515151515151515,0.775
0.7560975609756098,0.775
0.754601226993865,0.76875
0.7592592592592593,0.76875
0.7639751552795031,0.76875
0.76875,0.76875
0.7735849056603774,0.76875
0.7721518987341772,0.7625
0.7770700636942676,0.7625
0.782051282051282,0.7625
0.7806451612903226,0.75625
0.7857142857142857,0.75625
0.7908496732026143,0.75625
0.7960526315789473,0.75625
0.8013245033112583,0.75625
0.8066666666666666,0.75625
0.8120805369127517,0.75625
0.8175675675675675,0.75625
0.8231292517006803,0.75625
0.821917808219178,0.75
0.8275862068965517,0.75
0.8333333333333334,0.75
0.8391608391608392,0.75
0.8450704225352113,0.75
0.8439716312056738,0.74375
0.8428571428571429,0.7375
0.841726618705036,0.73125
0.8478260869565217,0.73125
0.8467153284671532,0.725
0.8529411764705882,0.725
0.8518518518518519,0.71875
0.8582089552238806,0.71875
0.8571428571428571,0.7125
0.8560606060606061,0.70625
0.8625954198473282,0.70625
0.8615384615384616,0.7
0.8604651162790697,0.69375
0.859375,0.6875
0.8582677165354331,0.68125
0.8650793650793651,0.68125
0.864,0.675
0.8709677419354839,0.675
0.8699186991869918,0.66875
0.8770491803278688,0.66875
0.8760330578512396,0.6625
0.875,0.65625
0.8823529411764706,0.65625
0.8813559322033898,0.65
0.8888888888888888,0.65
0.8879310344827587,0.64375
0.8869565217391304,0.6375
0.8859649122807017,0.63125
0.8849557522123894,0.625
0.8839285714285714,0.61875
0.8918918918918919,0.61875
0.9,0.61875
0.908256880733945,0.61875
0.9074074074074074,0.6125
0.9065420560747663,0.60625
0.9056603773584906,0.6
0.9047619047619048,0.59375
0.9134615384615384,0.59375
0.912621359223301,0.5875
0.9117647058823529,0.58125
0.9108910891089109,0.575
0.91,0.56875
0.9090909090909091,0.5625
0.9081632653061225,0.55625
0.9175257731958762,0.55625
0.9166666666666666,0.55
0.9263157894736842,0.55
0.925531914893617,0.54375
0.9247311827956989,0.5375
0.9239130434782609,0.53125
0.9230769230769231,0.525
0.9333333333333333,0.525
0.9325842696629213,0.51875
0.9318181818181818,0.5125
0.9310344827586207,0.50625
0.9302325581395349,0.5
0.9411764705882353,0.5
0.9523809523809523,0.5
0.9518072289156626,0.49375
0.9512195121951219,0.4875
0.9506172839506173,0.48125
0.95,0.475
0.9493670886075949,0.46875
0.9487179487179487,0.4625
0.948051948051948,0.45625
0.9605263157894737,0.45625
0.96,0.45
0.9594594594594594,0.44375
0.958904109589041,0.4375
0.9583333333333334,0.43125
0.9577464788732394,0.425
0.9571428571428572,0.41875
0.9565217391304348,0.4125
0.9558823529411765,0.40625
0.9552238805970149,0.4
0.9696969696969697,0.4
0.9846153846153847,0.4
0.984375,0.39375
0.9841269841269841,0.3875
0.9838709677419355,0.38125
0.9836065573770492,0.375
1.0,0.375
1.0,0.36875
1.0,0.3625
1.0,0.35625
1.0,0.35
1.0,0.34375
1.0,0.3375
1.0,0.33125
1.0,0.325
1.0,0.31875
1.0,0.3125
1.0,0.30625
1.0,0.3
1.0,0.29375
1.0,0.2875
1.0,0.28125
1.0,0.275
1.0,0.26875
1.0,0.2625
1.0,0.25625
1.0,0.25
1.0,0.24375
1.0,0.2375
1.0,0.23125
1.0,0.225
1.0,0.21875
1.0,0.2125
1.0,0.20625
1.0,0.2
1.0,0.19375
1.0,0.1875
1.0,0.18125
1.0,0.175
1.0,0.16875
1.0,0.1625
1.0,0.15625
1.0,0.15
1.0,0.14375
1.0,0.1375
1.0,0.13125
1.0,0.125
1.0,0.11875
1.0,0.1125
1.0,0.10625
1.0,0.1
1.0,0.09375
1.0,0.0875
1.0,0.08125
1.0,0.075
1.0,0.06875
1.0,0.0625
1.0,0.05625
1.0,0.05
1.0,0.04375
1.0,0.0375
1.0,0.03125
1.0,0.025
1.0,0.01875
1.0,0.0125
1.0,0.00625
1.0,0.0
